[
    {
        "order_id": 1,
        "customer_id": 4,
        "status": "Pending",
        "salesman_id": 56,
        "order_date": "2017-10-15"
    },
    {
        "order_id": 2,
        "customer_id": 4,
        "status": "Shipped",
        "salesman_id": 72,
        "order_date": "2015-04-26"
    },
    {
        "order_id": 3,
        "customer_id": 5,
        "status": "Shipped",
        "salesman_id": 72,
        "order_date": "2017-04-26"
    },
    {
        "order_id": 4,
        "customer_id": 8,
        "status": "Shipped",
        "salesman_id": 59,
        "order_date": "2015-04-09"
    },
    {
        "order_id": 5,
        "customer_id": 5,
        "status": "Canceled",
        "salesman_id": 56,
        "order_date": "2017-04-09"
    },
    {
        "order_id": 6,
        "customer_id": 6,
        "status": "Shipped",
        "salesman_id": 78,
        "order_date": "2015-04-09"
    },
    {
        "order_id": 7,
        "customer_id": 7,
        "status": "Shipped",
        "salesman_id": 80,
        "order_date": "2017-02-15"
    },
    {
        "order_id": 8,
        "customer_id": 8,
        "status": "Shipped",
        "salesman_id": 80,
        "order_date": "2017-02-14"
    },
    {
        "order_id": 9,
        "customer_id": 9,
        "status": "Shipped",
        "salesman_id": 67,
        "order_date": "2017-02-14"
    },
    {
        "order_id": 10,
        "customer_id": 44,
        "status": "Pending",
        "salesman_id": 51,
        "order_date": "2017-01-24"
    },
    {
        "order_id": 11,
        "customer_id": 45,
        "status": "Shipped",
        "salesman_id": 67,
        "order_date": "2016-11-29"
    },
    {
        "order_id": 12,
        "customer_id": 46,
        "status": "Shipped",
        "salesman_id": 72,
        "order_date": "2016-11-29"
    },
    {
        "order_id": 13,
        "customer_id": 47,
        "status": "Shipped",
        "salesman_id": 51,
        "order_date": "2016-11-29"
    },
    {
        "order_id": 14,
        "customer_id": 48,
        "status": "Shipped",
        "salesman_id": 72,
        "order_date": "2017-09-28"
    },
    {
        "order_id": 15,
        "customer_id": 49,
        "status": "Shipped",
        "salesman_id": 51,
        "order_date": "2017-09-27"
    },
    {
        "order_id": 16,
        "customer_id": 16,
        "status": "Pending",
        "salesman_id": 75,
        "order_date": "2016-09-27"
    },
    {
        "order_id": 17,
        "customer_id": 17,
        "status": "Shipped",
        "salesman_id": 80,
        "order_date": "2017-09-27"
    },
    {
        "order_id": 18,
        "customer_id": 18,
        "status": "Shipped",
        "salesman_id": 75,
        "order_date": "2016-08-16"
    },
    {
        "order_id": 19,
        "customer_id": 19,
        "status": "Shipped",
        "salesman_id": 72,
        "order_date": "2016-05-27"
    },
    {
        "order_id": 20,
        "customer_id": 20,
        "status": "Shipped",
        "salesman_id": 78,
        "order_date": "2017-05-27"
    },
    {
        "order_id": 21,
        "customer_id": 21,
        "status": "Pending",
        "salesman_id": 78,
        "order_date": "2017-05-27"
    },
    {
        "order_id": 22,
        "customer_id": 22,
        "status": "Canceled",
        "salesman_id": 75,
        "order_date": "2016-05-26"
    },
    {
        "order_id": 23,
        "customer_id": 23,
        "status": "Shipped",
        "salesman_id": 80,
        "order_date": "2016-09-07"
    },
    {
        "order_id": 24,
        "customer_id": 41,
        "status": "Shipped",
        "salesman_id": 70,
        "order_date": "2016-09-07"
    },
    {
        "order_id": 25,
        "customer_id": 42,
        "status": "Shipped",
        "salesman_id": 78,
        "order_date": "2016-08-24"
    },
    {
        "order_id": 26,
        "customer_id": 46,
        "status": "Shipped",
        "salesman_id": 62,
        "order_date": "2016-08-16"
    },
    {
        "order_id": 27,
        "customer_id": 43,
        "status": "Canceled",
        "salesman_id": 67,
        "order_date": "2016-08-16"
    },
    {
        "order_id": 28,
        "customer_id": 6,
        "status": "Canceled",
        "salesman_id": 57,
        "order_date": "2017-08-15"
    },
    {
        "order_id": 29,
        "customer_id": 44,
        "status": "Shipped",
        "salesman_id": 70,
        "order_date": "2017-08-14"
    },
    {
        "order_id": 30,
        "customer_id": 45,
        "status": "Shipped",
        "salesman_id": 78,
        "order_date": "2017-08-12"
    },
    {
        "order_id": 31,
        "customer_id": 46,
        "status": "Canceled",
        "salesman_id": 80,
        "order_date": "2017-08-12"
    },
    {
        "order_id": 32,
        "customer_id": 47,
        "status": "Shipped",
        "salesman_id": 78,
        "order_date": "2017-03-09"
    },
    {
        "order_id": 33,
        "customer_id": 48,
        "status": "Shipped",
        "salesman_id": 78,
        "order_date": "2017-03-07"
    },
    {
        "order_id": 34,
        "customer_id": 49,
        "status": "Shipped",
        "salesman_id": 80,
        "order_date": "2016-06-12"
    },
    {
        "order_id": 35,
        "customer_id": 50,
        "status": "Shipped",
        "salesman_id": 70,
        "order_date": "2016-09-05"
    },
    {
        "order_id": 36,
        "customer_id": 51,
        "status": "Shipped",
        "salesman_id": 67,
        "order_date": "2017-09-05"
    },
    {
        "order_id": 37,
        "customer_id": 52,
        "status": "Shipped",
        "salesman_id": 53,
        "order_date": "2017-02-19"
    },
    {
        "order_id": 38,
        "customer_id": 53,
        "status": "Canceled",
        "salesman_id": 57,
        "order_date": "2015-05-31"
    },
    {
        "order_id": 39,
        "customer_id": 54,
        "status": "Shipped",
        "salesman_id": 62,
        "order_date": "2016-10-22"
    },
    {
        "order_id": 40,
        "customer_id": 55,
        "status": "Shipped",
        "salesman_id": 62,
        "order_date": "2017-05-11"
    },
    {
        "order_id": 41,
        "customer_id": 9,
        "status": "Shipped",
        "salesman_id": 59,
        "order_date": "2017-05-11"
    },
    {
        "order_id": 42,
        "customer_id": 56,
        "status": "Canceled",
        "salesman_id": 64,
        "order_date": "2015-05-03"
    },
    {
        "order_id": 43,
        "customer_id": 47,
        "status": "Shipped",
        "salesman_id": 62,
        "order_date": "2015-05-02"
    },
    {
        "order_id": 44,
        "customer_id": 2,
        "status": "Pending",
        "salesman_id": 55,
        "order_date": "2017-02-20"
    },
    {
        "order_id": 45,
        "customer_id": 57,
        "status": "Shipped",
        "salesman_id": 64,
        "order_date": "2017-02-20"
    },
    {
        "order_id": 46,
        "customer_id": 58,
        "status": "Pending",
        "salesman_id": 62,
        "order_date": "2017-02-20"
    },
    {
        "order_id": 47,
        "customer_id": 59,
        "status": "Canceled",
        "salesman_id": 62,
        "order_date": "2016-10-10"
    },
    {
        "order_id": 48,
        "customer_id": 60,
        "status": "Canceled",
        "salesman_id": 64,
        "order_date": "2016-10-10"
    },
    {
        "order_id": 49,
        "customer_id": 61,
        "status": "Shipped",
        "salesman_id": 55,
        "order_date": "2016-10-02"
    },
    {
        "order_id": 50,
        "customer_id": 62,
        "status": "Pending",
        "salesman_id": 55,
        "order_date": "2016-10-02"
    },
    {
        "order_id": 51,
        "customer_id": 63,
        "status": "Shipped",
        "salesman_id": 59,
        "order_date": "2016-10-02"
    },
    {
        "order_id": 52,
        "customer_id": 64,
        "status": "Shipped",
        "salesman_id": 60,
        "order_date": "2016-10-02"
    },
    {
        "order_id": 53,
        "customer_id": 48,
        "status": "Shipped",
        "salesman_id": 62,
        "order_date": "2016-09-29"
    },
    {
        "order_id": 54,
        "customer_id": 65,
        "status": "Shipped",
        "salesman_id": 56,
        "order_date": "2016-09-29"
    },
    {
        "order_id": 55,
        "customer_id": 66,
        "status": "Pending",
        "salesman_id": 59,
        "order_date": "2016-09-29"
    },
    {
        "order_id": 56,
        "customer_id": 67,
        "status": "Canceled",
        "salesman_id": 55,
        "order_date": "2016-09-29"
    },
    {
        "order_id": 57,
        "customer_id": 68,
        "status": "Shipped",
        "salesman_id": 57,
        "order_date": "2017-08-24"
    },
    {
        "order_id": 58,
        "customer_id": 69,
        "status": "Shipped",
        "salesman_id": 57,
        "order_date": "2016-08-24"
    },
    {
        "order_id": 59,
        "customer_id": 70,
        "status": "Shipped",
        "salesman_id": 59,
        "order_date": "2015-06-29"
    },
    {
        "order_id": 60,
        "customer_id": 1,
        "status": "Shipped",
        "salesman_id": 62,
        "order_date": "2017-06-30"
    },
    {
        "order_id": 61,
        "customer_id": 2,
        "status": "Shipped",
        "salesman_id": 54,
        "order_date": "2016-06-30"
    },
    {
        "order_id": 62,
        "customer_id": 3,
        "status": "Shipped",
        "salesman_id": 62,
        "order_date": "2015-06-30"
    },
    {
        "order_id": 63,
        "customer_id": 4,
        "status": "Shipped",
        "salesman_id": 61,
        "order_date": "2016-06-30"
    },
    {
        "order_id": 64,
        "customer_id": 5,
        "status": "Shipped",
        "salesman_id": 64,
        "order_date": "2016-06-21"
    },
    {
        "order_id": 65,
        "customer_id": 6,
        "status": "Shipped",
        "salesman_id": 64,
        "order_date": "2013-06-21"
    },
    {
        "order_id": 66,
        "customer_id": 7,
        "status": "Canceled",
        "salesman_id": 61,
        "order_date": "2016-06-21"
    },
    {
        "order_id": 67,
        "customer_id": 8,
        "status": "Canceled",
        "salesman_id": 61,
        "order_date": "2016-06-14"
    },
    {
        "order_id": 68,
        "customer_id": 9,
        "status": "Pending",
        "salesman_id": 51,
        "order_date": "2016-06-13"
    },
    {
        "order_id": 69,
        "customer_id": 44,
        "status": "Canceled",
        "salesman_id": 54,
        "order_date": "2017-03-17"
    },
    {
        "order_id": 70,
        "customer_id": 45,
        "status": "Canceled",
        "salesman_id": 61,
        "order_date": "2017-02-21"
    },
    {
        "order_id": 71,
        "customer_id": 46,
        "status": "Shipped",
        "salesman_id": 54,
        "order_date": "2017-02-21"
    },
    {
        "order_id": 72,
        "customer_id": 47,
        "status": "Shipped",
        "salesman_id": 64,
        "order_date": "2016-02-17"
    },
    {
        "order_id": 73,
        "customer_id": 48,
        "status": "Shipped",
        "salesman_id": 67,
        "order_date": "2016-02-17"
    },
    {
        "order_id": 74,
        "customer_id": 49,
        "status": "Shipped",
        "salesman_id": 64,
        "order_date": "2017-02-10"
    },
    {
        "order_id": 75,
        "customer_id": 16,
        "status": "Shipped",
        "salesman_id": 51,
        "order_date": "2017-02-10"
    },
    {
        "order_id": 76,
        "customer_id": 17,
        "status": "Shipped",
        "salesman_id": 55,
        "order_date": "2017-02-10"
    },
    {
        "order_id": 77,
        "customer_id": 1,
        "status": "Shipped",
        "salesman_id": 60,
        "order_date": "2017-01-02"
    },
    {
        "order_id": 78,
        "customer_id": 2,
        "status": "Pending",
        "salesman_id": 64,
        "order_date": "2015-12-14"
    },
    {
        "order_id": 79,
        "customer_id": 2,
        "status": "Shipped",
        "salesman_id": 64,
        "order_date": "2016-12-14"
    },
    {
        "order_id": 80,
        "customer_id": 3,
        "status": "Shipped",
        "salesman_id": 64,
        "order_date": "2016-12-13"
    },
    {
        "order_id": 81,
        "customer_id": 49,
        "status": "Shipped",
        "salesman_id": 62,
        "order_date": "2016-12-13"
    },
    {
        "order_id": 82,
        "customer_id": 44,
        "status": "Shipped",
        "salesman_id": 60,
        "order_date": "2016-12-03"
    },
    {
        "order_id": 83,
        "customer_id": 16,
        "status": "Shipped",
        "salesman_id": 62,
        "order_date": "2016-12-02"
    },
    {
        "order_id": 84,
        "customer_id": 3,
        "status": "Shipped",
        "salesman_id": 64,
        "order_date": "2015-12-01"
    },
    {
        "order_id": 85,
        "customer_id": 4,
        "status": "Pending",
        "salesman_id": 55,
        "order_date": "2016-12-01"
    },
    {
        "order_id": 86,
        "customer_id": 5,
        "status": "Pending",
        "salesman_id": 60,
        "order_date": "2016-11-30"
    },
    {
        "order_id": 87,
        "customer_id": 7,
        "status": "Canceled",
        "salesman_id": 57,
        "order_date": "2016-12-01"
    },
    {
        "order_id": 88,
        "customer_id": 6,
        "status": "Shipped",
        "salesman_id": 61,
        "order_date": "2017-11-01"
    },
    {
        "order_id": 89,
        "customer_id": 7,
        "status": "Shipped",
        "salesman_id": 55,
        "order_date": "2015-10-27"
    },
    {
        "order_id": 90,
        "customer_id": 8,
        "status": "Pending",
        "salesman_id": 55,
        "order_date": "2015-10-28"
    },
    {
        "order_id": 91,
        "customer_id": 9,
        "status": "Pending",
        "salesman_id": 56,
        "order_date": "2016-10-28"
    },
    {
        "order_id": 92,
        "customer_id": 44,
        "status": "Shipped",
        "salesman_id": 59,
        "order_date": "2015-10-28"
    },
    {
        "order_id": 93,
        "customer_id": 17,
        "status": "Shipped",
        "salesman_id": 62,
        "order_date": "2016-10-27"
    },
    {
        "order_id": 94,
        "customer_id": 1,
        "status": "Shipped",
        "salesman_id": 62,
        "order_date": "2017-10-27"
    },
    {
        "order_id": 95,
        "customer_id": 45,
        "status": "Shipped",
        "salesman_id": 59,
        "order_date": "2016-09-19"
    },
    {
        "order_id": 96,
        "customer_id": 46,
        "status": "Shipped",
        "salesman_id": 56,
        "order_date": "2016-09-14"
    },
    {
        "order_id": 97,
        "customer_id": 47,
        "status": "Canceled",
        "salesman_id": 60,
        "order_date": "2016-07-12"
    },
    {
        "order_id": 98,
        "customer_id": 48,
        "status": "Shipped",
        "salesman_id": 55,
        "order_date": "2017-03-18"
    },
    {
        "order_id": 99,
        "customer_id": 49,
        "status": "Shipped",
        "salesman_id": 60,
        "order_date": "2017-01-07"
    },
    {
        "order_id": 100,
        "customer_id": 16,
        "status": "Pending",
        "salesman_id": 54,
        "order_date": "2017-01-05"
    },
    {
        "order_id": 101,
        "customer_id": 3,
        "status": "Pending",
        "salesman_id": 55,
        "order_date": "2017-01-03"
    },
    {
        "order_id": 102,
        "customer_id": 45,
        "status": "Shipped",
        "salesman_id": 61,
        "order_date": "2016-12-20"
    },
    {
        "order_id": 103,
        "customer_id": 17,
        "status": "Pending",
        "salesman_id": 64,
        "order_date": "2016-02-08"
    },
    {
        "order_id": 104,
        "customer_id": 18,
        "status": "Shipped",
        "salesman_id": 60,
        "order_date": "2017-02-01"
    },
    {
        "order_id": 105,
        "customer_id": 1,
        "status": "Pending",
        "salesman_id": 54,
        "order_date": "2016-11-17"
    }
]