product_id,product_name,description,standard_cost,list_price,category_id
1,G.Skill Ripjaws V Series,"Speed:DDR4-3000,Type:288-pin DIMM,CAS:15Module:8x8GBSize:64GB",450,640,5
2,Intel Xeon E5-2697 V4,"Speed:2.3GHz,Cores:18,TDP:145W",2144,2554,1
3,Corsair CB-9060011-WW,"Chipset:GeForce GTX 1080 Ti,Memory:11GBCore Clock:1.57GHz",573,799,2
4,AMD 100-505989,"Chipset:FirePro W9100,Memory:32GBCore Clock:930MHz",2128,2699,2
5,PNY VCQK6000-PB,"Chipset:Quadro K6000,Memory:12GBCore Clock:902MHz",1740,2290,2
6,Zotac ZT-P10810A-10P,"Chipset:GeForce GTX 1080 Ti,Memory:11GBCore Clock:1.48GHz",702,849,2
7,G.Skill Ripjaws V Series,"Speed:DDR4-3200,Type:288-pin DIMM,CAS:15Module:8x8GBSize:64GB",602,680,5
8,Intel Xeon E5-1650 V4,"Speed:3.6GHz,Cores:6,TDP:140W",535,601,1
9,Intel Xeon E5-2640 V4,"Speed:2.4GHz,Cores:10,TDP:90W",738,899,1
10,Crucial,"Speed:DDR4-2133,Type:288-pin DIMM,CAS:15Module:2x16GBSize:32GB",580,811,5
11,PNY VCQP5000-PB,"Chipset:Quadro P5000,Memory:16GBCore Clock:1.61GHz",1602,2015,2
12,Gigabyte GV-N108TAORUSX W-11GD,"Chipset:GeForce GTX 1080 Ti,Memory:11GBCore Clock:1.63GHz",596,824,2
13,G.Skill Ripjaws V Series,"Speed:DDR4-3333,Type:288-pin DIMM,CAS:16Module:4x16GBSize:64GB",618,704,5
14,G.Skill Ripjaws V Series,"Speed:DDR4-3333,Type:288-pin DIMM,CAS:16Module:4x16GBSize:64GB",633,704,5
15,G.Skill Trident Z,"Speed:DDR4-3466,Type:288-pin DIMM,CAS:16Module:4x16GBSize:64GB",601,725,5
16,Intel Core i7-6900K,"Speed:3.2GHz,Cores:8,TDP:140W",792,889,1
17,Corsair Vengeance LPX,"Speed:DDR4-3333,Type:288-pin DIMM,CAS:15Module:4x16GBSize:64GB",595,699,5
18,Crucial,"Speed:DDR4-2400,Type:288-pin DIMM,CAS:17Module:1x64GBSize:64GB",604,799,5
19,Intel Core i7-6950X (OEM/Tray),"Speed:3.0GHz,Cores:10,TDP:140W",1479,1704,1
20,Corsair Dominator Platinum,"Speed:DDR4-3200,Type:288-pin DIMM,CAS:15Module:4x16GBSize:64GB",616,719,5
21,Corsair Dominator Platinum,"Speed:DDR4-3466,Type:288-pin DIMM,CAS:16Module:4x16GBSize:64GB",609,749,5
22,Seagate ST3000DM008,"Series:Barracuda,Type:7200RPM,Capacity:3TB,Cache:64MB",61,83,5
23,Western Digital WDS250G1B0A,"Series:Blue,Type:SSD,Capacity:250GB,Cache:N/A",72,89,5
24,Seagate ST2000DM006,"Series:Barracuda,Type:7200RPM,Capacity:2TB,Cache:64MB",47,66,5
25,Samsung MZ-75E250B/AM,"Series:850 EVO-Series,Type:SSD,Capacity:250GB,Cache:N/A",87,104,5
26,Samsung MZ-75E500B/AM,"Series:850 EVO-Series,Type:SSD,Capacity:500GB,Cache:N/A",157,178,5
27,Intel Core i7-3960X Extreme Edition,"Speed:3.3GHz,Cores:6,TDP:130W",573,800,1
28,Supermicro X9SRH-7TF,"CPU:LGA2011,Form Factor:ATX,RAM Slots:8,Max RAM:64GB",411,479,4
29,Corsair Vengeance LPX,"Speed:DDR4-3200,Type:288-pin DIMM,CAS:15Module:4x16GBSize:64GB",571,645,5
30,G.Skill Ripjaws V Series,"Speed:DDR4-2800,Type:288-pin DIMM,CAS:14Module:4x16GBSize:64GB",452,645,5
31,Supermicro MBD-X10DAX,"CPU:LGA2011-3 x 2,Form Factor:EATX,RAM Slots:16,Max RAM:",385,443,4
32,ASRock X99 Extreme11,"CPU:LGA2011-3,Form Factor:EATX,RAM Slots:8,Max RAM:128GB",380,469,4
33,ADATA ASU800SS-128GT-C,"Series:Ultimate SU800,Type:SSD,Capacity:128GB,Cache:N/A",37,52,5
34,Asus KGPE-D16,"CPU:G34 x 2,Form Factor:SSI EEB,RAM Slots:16,Max RAM:256GB",360,417,4
35,Corsair Dominator Platinum,"Speed:DDR4-2800,Type:288-pin DIMM,CAS:15Module:8x16GBSize:128GB",1131,1314,5
36,Corsair Vengeance LPX,"Speed:DDR4-3000,Type:288-pin DIMM,CAS:15Module:8x16GBSize:128GB",912,1299,5
37,Corsair Dominator Platinum,"Speed:DDR4-2666,Type:288-pin DIMM,CAS:15Module:8x16GBSize:128GB",1068,1264,5
38,Corsair Vengeance LPX,"Speed:DDR4-2400,Type:288-pin DIMM,CAS:15Module:8x16GBSize:128GB",1019,1199,5
39,ASRock EP2C602-4L/D16,"CPU:LGA2011 x 2,Form Factor:SSI EEB,RAM Slots:16,Max RAM:512GB",225,301,4
40,MSI Z170A KRAIT GAMING 3X,"CPU:LGA1151,Form Factor:ATX,RAM Slots:4,Max RAM:64GB",245,299,4
41,MSI Z170 Krait Gaming,"CPU:LGA1151,Form Factor:ATX,RAM Slots:4,Max RAM:64GB",231,299,4
42,MSI Z170A KRAIT GAMING,"CPU:LGA1151,Form Factor:ATX,RAM Slots:4,Max RAM:64GB",262,299,4
43,Asus MAXIMUS IX CODE,"CPU:LGA1151,Form Factor:ATX,RAM Slots:4,Max RAM:64GB",266,298,4
44,Seagate ST1000DM010,"Series:BarraCuda,Type:7200RPM,Capacity:1TB,Cache:64MB",42,49,5
45,Intel Xeon E5-2685 V3 (OEM/Tray),"Speed:2.6GHz,Cores:12,TDP:120W",2012,2501,1
46,Intel Xeon E5-2695 V3 (OEM/Tray),"Speed:2.3GHz,Cores:14,TDP:120W",1925,2431,1
47,Intel Xeon E5-2697 V2,"Speed:2.7GHz,Cores:12,TDP:130W",2101,2377,1
48,AMD FirePro S7000,"Chipset:FirePro S7000,Memory:4GBCore Clock:950MHz",936,1218,2
49,Samsung MZ-75E4T0B,"Series:850 EVO,Type:SSD,Capacity:4TB,Cache:4GB",1153,1499,5
50,Intel SSDPECME040T401,"Series:DC P3608,Type:SSD,Capacity:4TB,Cache:N/A",7123,8867,5
51,Intel Xeon E5-2695 V4,"Speed:2.1GHz,Cores:18,TDP:120W",1780,2269,1
52,Intel Xeon E5-2670 V3,"Speed:2.3GHz,Cores:12,TDP:120W",1453,1676,1
53,Intel Core 2 Extreme QX6800,"Speed:2.93GHz,Cores:4,TDP:100W",787,1003,1
54,Intel Xeon E5-1660 V3 (OEM/Tray),"Speed:3.0GHz,Cores:8,TDP:140W",914,1019,1
55,Crucial CT525MX300SSD4,"Series:MX300,Type:SSD,Capacity:525GB,Cache:N/A",121,150,5
56,Western Digital WD2500AAJS,"Series:Caviar Blue,Type:7200RPM,Capacity:250GB,Cache:8MB",15,16,5
57,Western Digital WD20EZRZ,"Series:Blue,Type:5400RPM,Capacity:2TB,Cache:64MB",58,67,5
58,Gigabyte GV-N108TAORUS X-11GD,"Chipset:GeForce GTX 1080 Ti,Memory:11GBCore Clock:1.61GHz",688,784,2
59,Intel Core i7-5960X (OEM/Tray),"Speed:3.0GHz,Cores:8,TDP:140W",879,977,1
60,Hitachi HUA723020ALA640,"Series:Ultrastar 7K3000,Type:7200RPM,Capacity:2TB,Cache:64MB",45,59,5
61,Asus PRIME X299-DELUXE,"CPU:LGA2066,Form Factor:ATX,RAM Slots:8,Max RAM:128GB",409,487,4
62,Intel DP35DPM,"CPU:LGA775,Form Factor:ATX,RAM Slots:4,Max RAM:8GB",626,789,4
63,Asus RAMPAGE V EXTREME,"CPU:LGA2011-3,Form Factor:EATX,RAM Slots:8,Max RAM:64GB",459,572,4
64,Supermicro H8DG6-F,"CPU:G34 x 2,Form Factor:EATX,RAM Slots:16,Max RAM:512GB",416,525,4
65,Corsair Dominator Platinum,"Speed:DDR4-2400,Type:288-pin DIMM,CAS:15Module:8x16GBSize:128GB",1002,1199,5
66,Gigabyte X299 AORUS Gaming 7,"CPU:LGA2066,Form Factor:ATX,RAM Slots:8,Max RAM:128GB",283,399,4
67,Kingston HyperX Beast,"Speed:DDR3-1866,Type:240-pin DIMM,CAS:10Module:8x8GBSize:64GB",708,863,5
68,Crucial,"Speed:DDR4-2133,Type:288-pin DIMM,CAS:15Module:4x16GBSize:64GB",590,766,5
69,Intel Core i7-7820X,"Speed:3.6GHz,Cores:8,TDP:140W",511,678,1
70,Intel Xeon E5-2687W,"Speed:3.1GHz,Cores:8,TDP:150W",581,710,1
71,Intel Core i7-3930K,"Speed:3.2GHz,Cores:6,TDP:130W",509,660,1
72,Intel Xeon E5-2630 V3 (OEM/Tray),"Speed:2.4GHz,Cores:8,TDP:85W",421,589,1
73,Intel Core i7-4770K,"Speed:3.5GHz,Cores:4,TDP:84W",714,799,1
74,Intel Xeon E5-2680 V2,"Speed:2.8GHz,Cores:10,TDP:115W",567,701,1
75,Intel Core i7-4930K,"Speed:3.4GHz,Cores:6,TDP:130W",527,624,1
76,Intel Xeon E5-2630 V3,"Speed:2.4GHz,Cores:8,TDP:85W",499,629,1
77,G.Skill Ripjaws V Series,"Speed:DDR4-3200,Type:288-pin DIMM,CAS:14Module:4x16GBSize:64GB",577,695,5
78,G.Skill Ripjaws V Series,"Speed:DDR4-3200,Type:288-pin DIMM,CAS:15Module:4x16GBSize:64GB",517,686,5
79,Corsair Dominator Platinum,"Speed:DDR4-2666,Type:288-pin DIMM,CAS:15Module:8x8GBSize:64GB",537,659,5
80,Intel Xeon E5-1650 V3,"Speed:3.5GHz,Cores:6,TDP:140W",399,564,1
81,Intel Xeon E5-2650 V4,"Speed:2.2GHz,Cores:12,TDP:105W",945,1099,1
82,Intel Core i7-6950X,"Speed:3.0GHz,Cores:10,TDP:140W",1052,1499,1
83,Asus STRIX-GTX1080TI-O11G-GAMING,"Chipset:GeForce GTX 1080 Ti,Memory:11GBCore Clock:1.57GHz",691,829,2
84,Asus X99-DELUXE/U3.1,"CPU:LGA2011-3,Form Factor:ATX,RAM Slots:8,Max RAM:64GB",332,440,4
85,Intel Xeon E5-2660 V3 (OEM/Tray),"Speed:2.6GHz,Cores:10,TDP:105W",902,1274,1
86,MSI GTX 1080 TI SEA HAWK X,"Chipset:GeForce GTX 1080 Ti,Memory:11GBCore Clock:1.57GHz",691,804,2
87,PNY VCGGTX1080T11XGPB-OC,"Chipset:GeForce GTX 1080 Ti,Memory:11GBCore Clock:1.53GHz",600,759,2
88,Gigabyte GV-N98TWF3OC-6GD,"Chipset:GeForce GTX 980 Ti,Memory:6GBCore Clock:1.06GHz",633,749,2
89,PNY VCGGTX780T3XPB-OC,"Chipset:GeForce GTX 780 Ti,Memory:3GBCore Clock:980MHz",592,749,2
90,EVGA 11G-P4-6696-KR,"Chipset:GeForce GTX 1080 Ti,Memory:11GBCore Clock:1.56GHz",594,759,2
91,Intel Xeon E5-2695 V2,"Speed:2.4GHz,Cores:12,TDP:115W",1793,2259,1
92,Intel Xeon E5-2643 V2 (OEM/Tray),"Speed:3.5GHz,Cores:6,TDP:130W",1940,2200,1
93,Intel Xeon E5-2690 (OEM/Tray),"Speed:2.9GHz,Cores:8,TDP:135W",1888,2116,1
94,Western Digital WD2500AVVS,"Series:AV-GP,Type:5400RPM,Capacity:250GB,Cache:8MB",12,15,5
95,Western Digital WDS256G1X0C,"Series:Black PCIe,Type:SSD,Capacity:256GB,Cache:N/A",85,109,5
96,SanDisk SDSSDHII-480G-G25,"Series:Ultra II,Type:SSD,Capacity:480GB,Cache:N/A",102,141,5
97,Kingston SV300S37A/120G,"Series:SSDNow V300 Series,Type:SSD,Capacity:120GB,Cache:N/A",45,59,5
98,Intel Xeon E5-2687W V3,"Speed:3.1GHz,Cores:10,TDP:160W",1781,2064,1
99,Seagate ST1000DX002,"Series:FireCuda,Type:Hybrid,Capacity:1TB,Cache:64MB",55,68,5
100,Crucial CT275MX300SSD1,"Series:MX300,Type:SSD,Capacity:275GB,Cache:N/A",79,97,5
101,Kingston HyperX Predator,"Speed:DDR4-3000,Type:288-pin DIMM,CAS:15Module:4x16GBSize:64GB",471,635,5
102,Intel Xeon E5-2687W V4,"Speed:3.0GHz,Cores:12,TDP:160W",1723,2042,1
103,EVGA 11G-P4-6598-KR,"Chipset:GeForce GTX 1080 Ti,Memory:11GBCore Clock:1.56GHz",663,809,2
104,SanDisk SDSSDA-240G-G26,"Series:SSD PLUS,Type:SSD,Capacity:240GB,Cache:N/A",61,83,5
105,EVGA 12G-P4-3992-KR,"Chipset:GeForce GTX Titan Z,Memory:12GBCore Clock:732MHz",2313,2799,2
106,Intel Xeon E5-2640 V2,"Speed:2.0GHz,Cores:8,TDP:95W",545,608,1
107,Kingston,"Speed:DDR3-1600,Type:240-pin DIMM,CAS:11Module:4x16GBSize:64GB",474,644,5
108,MSI GAMING,"Chipset:GeForce GTX 780 Ti,Memory:3GBCore Clock:1.02GHz",753,849,2
109,G.Skill Trident Z,"Speed:DDR4-3200,Type:288-pin DIMM,CAS:14Module:4x16GBSize:64GB",585,713,5
110,ATI FirePro W9000,"Chipset:FirePro W9000,Memory:6GBCore Clock:975MHz",2785,3192,2
111,Intel Core i7-6900K (OEM/Tray),"Speed:3.2GHz,Cores:8,TDP:140W",620,827,1
112,Corsair Vengeance Pro,"Speed:DDR3-2133,Type:240-pin DIMM,CAS:11Module:8x8GBSize:64GB",596,808,5
113,G.Skill Trident Z,"Speed:DDR4-3200,Type:288-pin DIMM,CAS:15Module:4x16GBSize:64GB",580,704,5
114,Zotac ZT-70203-10P,"Chipset:GeForce GTX 780,Memory:3GBCore Clock:1.01GHz",580,820,2
115,Corsair Vengeance LPX,"Speed:DDR4-3200,Type:288-pin DIMM,CAS:15Module:8x8GBSize:64GB",565,699,5
116,G.Skill Trident Z,"Speed:DDR4-3400,Type:288-pin DIMM,CAS:16Module:4x16GBSize:64GB",565,731,5
117,G.Skill Ripjaws V Series,"Speed:DDR4-3200,Type:288-pin DIMM,CAS:14Module:4x16GBSize:64GB",617,695,5
118,Corsair Dominator Platinum,"Speed:DDR4-2800,Type:288-pin DIMM,CAS:15Module:8x8GBSize:64GB",578,699,5
119,Intel Xeon E5-2640 V3,"Speed:2.6GHz,Cores:8,TDP:90W",668,899,1
120,Intel Core 2 Extreme QX9775,"Speed:3.2GHz,Cores:4,TDP:150W",737,892,1
121,G.Skill Ripjaws V Series,"Speed:DDR4-3200,Type:288-pin DIMM,CAS:14Module:8x8GBSize:64GB",603,721,5
122,G.Skill Trident Z,"Speed:DDR4-3333,Type:288-pin DIMM,CAS:16Module:4x16GBSize:64GB",532,722,5
123,ATI FirePro S9150,"Chipset:FirePro S9150,Memory:16GBCore Clock:900MHz",2628,3177,2
124,Intel Xeon E5-1650 V4 (OEM/Tray),"Speed:3.6GHz,Cores:6,TDP:140W",453,594,1
125,G.Skill Trident Z,"Speed:DDR4-3600,Type:288-pin DIMM,CAS:17Module:4x16GBSize:64GB",594,768,5
126,G.Skill Ripjaws V Series,"Speed:DDR4-3200,Type:288-pin DIMM,CAS:16Module:8x8GBSize:64GB",510,640,5
127,Corsair Dominator Platinum,"Speed:DDR4-3333,Type:288-pin DIMM,CAS:15Module:4x16GBSize:64GB",538,719,5
128,Kingston,"Speed:DDR4-2133,Type:288-pin DIMM,CAS:15Module:4x16GBSize:64GB",650,741,5
129,Corsair Vengeance LPX,"Speed:DDR4-3333,Type:288-pin DIMM,CAS:15Module:4x16GBSize:64GB",609,734,5
130,Western Digital WD2003FZEX,"Series:BLACK SERIES,Type:7200RPM,Capacity:2TB,Cache:64MB",91,117,5
131,Samsung MZ-V6P512BW,"Series:960 PRO,Type:SSD,Capacity:512GB,Cache:512MB",223,279,5
132,Intel Core i7-5930K,"Speed:3.5GHz,Cores:6,TDP:140W",481,554,1
133,PNY VCQP6000-PB,"Chipset:Quadro P6000,Memory:24GBCore Clock:1.42GHz",4058,5499,2
134,Asus Sabertooth 990FX,"CPU:AM3+,Form Factor:ATX,RAM Slots:4,Max RAM:32GB",252,295,4
135,Samsung MZ-V6E250,"Series:960 EVO,Type:SSD,Capacity:250GB,Cache:512MB",92,127,5
136,AMD Opteron 6378,"Speed:2.4GHz,Cores:16,TDP:115W",651,826,1
137,Asus Z10PE-D16 WS,"CPU:LGA2011-3 x 2,Form Factor:SSI EEB,RAM Slots:16,Max RAM:1TB",332,469,4
138,G.Skill Ripjaws V Series,"Speed:DDR4-3000,Type:288-pin DIMM,CAS:14Module:4x16GBSize:64GB",499,645,5
139,Hitachi HUS724030ALE641,"Series:Ultrastar 7K4000,Type:7200RPM,Capacity:3TB,Cache:64MB",54,65,5
140,MSI X99A WORKSTATION,"CPU:LGA2011-3,Form Factor:ATX,RAM Slots:8,Max RAM:128GB",239,289,4
141,Supermicro X11SSL-CF,"CPU:LGA1151,Form Factor:Micro ATX,RAM Slots:4,Max RAM:64GB",317,419,4
142,AMD FirePro W9100,"Chipset:FirePro W9100,Memory:16GBCore Clock:930MHz",2483,2998,2
143,Asus Z10PE-D16,"CPU:LGA2011-3 Narrow x 2,Form Factor:SSI EEB,RAM Slots:16,Max RAM:1TB",293,402,4
144,Intel DG43RK,"CPU:LGA775,Form Factor:Micro ATX,RAM Slots:4,Max RAM:8GB",219,289,4
145,Asus VANGUARD B85,"CPU:LGA1150,Form Factor:Micro ATX,RAM Slots:4,Max RAM:32GB",258,287,4
146,EVGA Z270 Classified K,"CPU:LGA1151,Form Factor:EATX,RAM Slots:4,Max RAM:64GB",234,283,4
147,EVGA Classified,"CPU:LGA2011-3,Form Factor:EATX,RAM Slots:8,Max RAM:128GB",240,283,4
148,MSI Z270 XPOWER GAMING TITANIUM,"CPU:LGA1151,Form Factor:ATX,RAM Slots:4,Max RAM:64GB",212,282,4
149,ASRock X299 Taichi,"CPU:LGA2066,Form Factor:ATX,RAM Slots:8,Max RAM:128GB",214,282,4
150,MSI X299 TOMAHAWK ARCTIC,"CPU:LGA2066,Form Factor:ATX,RAM Slots:8,Max RAM:128GB",223,281,4
151,Supermicro X10SAT-O,"CPU:LGA1150,Form Factor:ATX,RAM Slots:4,Max RAM:32GB",207,281,4
152,Gigabyte X299 AORUS Gaming 3,"CPU:LGA2066,Form Factor:ATX,RAM Slots:8,Max RAM:128GB",227,280,4
153,Intel Xeon E5-2650 V2,"Speed:2.6GHz,Cores:8,TDP:95W",961,1249,1
154,Intel Xeon E5-2650 V3,"Speed:2.3GHz,Cores:10,TDP:105W",906,1204,1
155,Intel Xeon E5-2630 V2,"Speed:2.6GHz,Cores:6,TDP:80W",493,588,1
156,Supermicro MBD-X10DRI-O,"CPU:LGA2011-3 Narrow x 2,Form Factor:EATX,RAM Slots:16,Max RAM:1TB",291,394,4
157,Asus MAXIMUS IX FORMULA,"CPU:LGA1151,Form Factor:ATX,RAM Slots:4,Max RAM:64GB",339,388,4
158,Intel Xeon E5-2667 V3 (OEM/Tray),"Speed:3.2GHz,Cores:8,TDP:135W",1504,2009,1
159,Intel Xeon E5-2690 V4,"Speed:2.6GHz,Cores:14,TDP:135W",1499,1994,1
160,Intel Xeon E5-2690 V3,"Speed:2.6GHz,Cores:12,TDP:135W",1540,1908,1
161,AMD 100-5056062,"Chipset:Vega Frontier Edition Liquid,Memory:16GBCore Clock:1.5GHz",1343,1499,2
162,Intel Xeon E5-2470V2,"Speed:2.4GHz,Cores:10,TDP:95W",1671,1904,1
163,Intel Xeon E5-2683 V4,"Speed:2.1GHz,Cores:16,TDP:120W",1706,1899,1
164,Intel Xeon E5-2637 V2 (OEM/Tray),"Speed:3.5GHz,Cores:4,TDP:130W",1323,1850,1
165,Intel Xeon E5-2680,"Speed:2.7GHz,Cores:8,TDP:130W",1479,1666,1
166,Intel Xeon E5-2680 V3 (OEM/Tray),"Speed:2.5GHz,Cores:12,TDP:120W",1166,1638,1
167,Intel Xeon E5-2650L V3 (OEM/Tray),"Speed:1.8GHz,Cores:12,TDP:65W",779,1010,1
168,Seagate ST31000340NS - FFP,"Series:Barracuda ES,Type:7200RPM,Capacity:1TB,Cache:32MB",34,43,5
169,Intel Xeon E5-2683 V4 (OEM/Tray),"Speed:2.1GHz,Cores:16,TDP:120W",1369,1844,1
170,Asus X99-DELUXE II,"CPU:LGA2011-3,Form Factor:ATX,RAM Slots:8,Max RAM:128GB",289,383,4
171,ASRock Fatal1ty X299 Professional Gaming i9,"CPU:LGA2066,Form Factor:ATX,RAM Slots:8,Max RAM:128GB",287,382,4
172,ASRock EP2C612 WS,"CPU:LGA2011-3 x 2,Form Factor:SSI EEB,RAM Slots:8,Max RAM:",308,358,4
173,ASRock Z270 SuperCarrier,"CPU:LGA1151,Form Factor:ATX,RAM Slots:4,Max RAM:64GB",264,353,4
174,MSI GTX 1080 TI AERO 11G OC,"Chipset:GeForce GTX 1080 Ti,Memory:11GBCore Clock:1.51GHz",715,798,2
175,NVIDIA VCQM4000-PB,"Chipset:Quadro M4000,Memory:8GBCore Clock:N/A",682,790,2
176,Intel Xeon E5-2650 V3 (OEM/Tray),"Speed:2.3GHz,Cores:10,TDP:105W",799,939,1
177,PNY VCQM5000-PB,"Chipset:Quadro M5000,Memory:8GBCore Clock:861MHz",1268,1759,2
178,HP C2J95AT,"Chipset:Quadro K5000,Memory:4GBCore Clock:706MHz",1715,1999,2
179,Asus SABERTOOTH X99,"CPU:LGA2011-3,Form Factor:ATX,RAM Slots:8,Max RAM:64GB",252,312,4
180,Supermicro MBD-X10DAL-I-O,"CPU:LGA2011-3 x 2,Form Factor:ATX,RAM Slots:8,Max RAM:512GB",239,279,4
181,ATI FirePro R5000,"Chipset:FirePro R5000,Memory:2GBCore Clock:825MHz",760,999,2
182,PNY VCQK4200-PB,"Chipset:Quadro K4200,Memory:4GBCore Clock:771MHz",799,949,2
183,Asus GTX780TI-3GD5,"Chipset:GeForce GTX 780 Ti,Memory:3GBCore Clock:876MHz",781,899,2
184,AMD 100-506061,"Chipset:Vega Frontier Edition,Memory:16GBCore Clock:1.44GHz",706,999,2
185,MSI GTX 1080 TI LIGHTNING Z,"Chipset:GeForce GTX 1080 Ti,Memory:11GBCore Clock:1.61GHz",688,873,2
186,PNY VCQK5200-PB,"Chipset:Quadro K5200,Memory:8GBCore Clock:667MHz",1129,1449,2
187,Asus MAXIMUS VIII EXTREME/ASSEMBLY,"CPU:LGA1151,Form Factor:EATX,RAM Slots:4,Max RAM:64GB",253,353,4
188,Asus X99-E WS/USB 3.1,"CPU:LGA2011-3,Form Factor:SSI CEB,RAM Slots:8,Max RAM:128GB",428,482,4
189,Asus X99-E-10G WS,"CPU:LGA2011-3,Form Factor:SSI CEB,RAM Slots:8,Max RAM:128GB",582,649,4
190,Supermicro X10SDV-8C-TLN4F,"CPU:Xeon D-1541,Form Factor:Mini ITX,RAM Slots:4,Max RAM:64GB",664,948,4
191,Asus ROG MAXIMUS IX EXTREME,"CPU:LGA1151,Form Factor:EATX,RAM Slots:4,Max RAM:64GB",480,573,4
192,Asus Rampage V Edition 10,"CPU:LGA2011-3,Form Factor:EATX,RAM Slots:8,Max RAM:128GB",452,519,4
193,Asus Z10PE-D8 WS,"CPU:LGA2011-3 x 2,Form Factor:SSI EEB,RAM Slots:8,Max RAM:512GB",504,561,4
194,MSI X299 GAMING M7 ACK,"CPU:LGA2066,Form Factor:ATX,RAM Slots:8,Max RAM:128GB",278,397,4
195,G.Skill Ripjaws 4 Series,"Speed:DDR4-2400,Type:288-pin DIMM,CAS:14Module:8x16GBSize:128GB",836,1055,5
196,Corsair Vengeance LPX,"Speed:DDR4-2133,Type:288-pin DIMM,CAS:15Module:8x16GBSize:128GB",821,1099,5
197,G.Skill Trident Z RGB,"Speed:DDR4-3600,Type:288-pin DIMM,CAS:17Module:4x16GBSize:64GB",622,799,5
198,Intel Core i7-980,"Speed:3.33GHz,Cores:6,TDP:130W",563,699,1
199,Intel Xeon E5-2630 V4,"Speed:2.2GHz,Cores:10,TDP:85W",528,647,1
200,Intel Core i7-4790K,"Speed:4.0GHz,Cores:4,TDP:88W",461,620,1
201,Kingston,"Speed:DDR3-1600,Type:240-pin DIMM,CAS:11Module:4x8GBSize:32GB",566,653,5
202,G.Skill Trident Z,"Speed:DDR4-3200,Type:288-pin DIMM,CAS:14Module:4x16GBSize:64GB",533,713,5
203,Kingston,"Speed:DDR3-1333,Type:240-pin DIMM,CAS:9Module:4x16GBSize:64GB",556,671,5
204,G.Skill Ripjaws V Series,"Speed:DDR4-3200,Type:288-pin DIMM,CAS:15Module:4x16GBSize:64GB",546,686,5
205,G.Skill Trident X,"Speed:DDR3-3100,Type:240-pin DIMM,CAS:12Module:2x4GBSize:8GB",507,649,5
206,PNY VCQM6000-24GB-PB,"Chipset:Quadro M6000,Memory:24GBCore Clock:988MHz",3619,4139,2
207,PNY VCQM6000-PB,"Chipset:Quadro M6000,Memory:12GBCore Clock:988MHz",2505,3254,2
208,Samsung MZ-V6P2T0BW,"Series:960 Pro,Type:SSD,Capacity:2TB,Cache:2GB",840,1199,5
209,Intel Core i7-990X Extreme Edition,"Speed:3.47GHz,Cores:6,TDP:130W",1072,1199,1
210,Intel Core i9-7900X,"Speed:3.3GHz,Cores:10,TDP:140W",855,1029,1
211,Intel Xeon E5-2650,"Speed:2.0GHz,Cores:8,TDP:95W",869,1064,1
212,Intel Xeon E5-2680 V4,"Speed:2.4GHz,Cores:14,TDP:120W",1365,1639,1
213,Intel Xeon E5-2643 V3 (OEM/Tray),"Speed:3.4GHz,Cores:6,TDP:135W",1266,1469,1
214,Intel Core i7-5960X,"Speed:3.0GHz,Cores:8,TDP:140W",865,1009,1
215,PNY VCQP4000-PB,"Chipset:Quadro P4000,Memory:8GBCore Clock:1.23GHz",724,829,2
216,MSI GTX 1080 TI LIGHTNING X,"Chipset:GeForce GTX 1080 Ti,Memory:11GBCore Clock:1.57GHz",742,863,2
217,ASRock C2750D4I,"CPU:Atom C2750,Form Factor:Mini ITX,RAM Slots:4,Max RAM:64GB",339,401,4
218,Intel Xeon E5-2660 V4,"Speed:2.0GHz,Cores:14,TDP:105W",1194,1388,1
219,Intel Xeon E5-2660 V3,"Speed:2.6GHz,Cores:10,TDP:105W",1041,1299,1
220,MSI GeForce GTX 1080 Ti GAMING X 11G,"Chipset:GeForce GTX 1080 Ti,Memory:11GBCore Clock:1.57GHz",666,759,2
221,Zotac ZT-P10810C-10P,"Chipset:GeForce GTX 1080 Ti,Memory:11GBCore Clock:1.65GHz",535,759,2
222,Zotac ZT-P10810G-10P,"Chipset:GeForce GTX 1080 Ti,Memory:11GBCore Clock:1.51GHz",598,754,2
223,MSI GeForce GTX 1080 TI ARMOR 11G OC,"Chipset:GeForce GTX 1080 Ti,Memory:11GBCore Clock:1.48GHz",644,764,2
224,Asus STRIX X299-E GAMING,"CPU:LGA2066,Form Factor:ATX,RAM Slots:8,Max RAM:128GB",306,349,4
225,Gigabyte GA-Z270X-Gaming 9,"CPU:LGA1151,Form Factor:EATX,RAM Slots:4,Max RAM:64GB",380,503,4
226,Asus PRIME X299-A,"CPU:LGA2066,Form Factor:ATX,RAM Slots:8,Max RAM:128GB",274,309,4
227,Gigabyte GA-X99-UD5 WIFI,"CPU:LGA2011-3,Form Factor:EATX,RAM Slots:8,Max RAM:64GB",217,305,4
228,Intel Xeon E5-2699 V3 (OEM/Tray),"Speed:2.3GHz,Cores:18,TDP:145W",2867,3410,1
229,Seagate ST10000DM0004,"Series:BarraCuda Pro,Type:7200RPM,Capacity:10TB,Cache:256MB",284,399,5
230,ADATA ASU800SS-512GT-C,"Series:Ultimate SU800,Type:SSD,Capacity:512GB,Cache:N/A",113,136,5
231,Samsung MZ-V6E1T0,"Series:960 EVO,Type:SSD,Capacity:1TB,Cache:1000MB",358,449,5
232,Western Digital WD1003FZEX,"Series:BLACK SERIES,Type:7200RPM,Capacity:1TB,Cache:64MB",61,70,5
233,SanDisk SDSSDA-120G-G26,"Series:SSD PLUS,Type:SSD,Capacity:120GB,Cache:N/A",52,59,5
234,Crucial CT525MX300SSD1,"Series:MX300,Type:SSD,Capacity:525GB,Cache:N/A",135,150,5
235,Hitachi A7K1000-1000,"Series:Ultrastar,Type:7200RPM,Capacity:1TB,Cache:32MB",29,41,5
236,MSI GTX 980 Ti Gaming 6G,"Chipset:GeForce GTX 980 Ti,Memory:6GBCore Clock:1.18GHz",539,745,2
237,Gigabyte GV-N108TAORUS-11GD,"Chipset:GeForce GTX 1080 Ti,Memory:11GBCore Clock:1.59GHz",605,744,2
238,EVGA 06G-P4-4998-KR,"Chipset:GeForce GTX 980 Ti,Memory:6GBCore Clock:1.19GHz",521,741,2
239,MSI GTX 1080 Ti DUKE 11G OC,"Chipset:GeForce GTX 1080 Ti,Memory:11GBCore Clock:1.53GHz",555,739,2
240,Intel Core i7-4960X Extreme Edition,"Speed:3.6GHz,Cores:6,TDP:130W",1496,1805,1
241,Intel Xeon E5-2699 V4 (OEM/Tray),"Speed:2.2GHz,Cores:22,TDP:145W",1535,1756,1
242,Intel Xeon E5-1680 V3 (OEM/Tray),"Speed:3.2GHz,Cores:8,TDP:140W",1519,1751,1
243,Intel Xeon E5-2643 V4 (OEM/Tray),"Speed:3.4GHz,Cores:6,TDP:135W",1225,1708,1
244,Crucial,"Speed:DDR4-2133,Type:288-pin DIMM,CAS:15Module:4x16GBSize:64GB",1139,1620,5
245,ATI FirePro S9050,"Chipset:FirePro S9050,Memory:12GBCore Clock:900MHz",1237,1699,2
246,Gigabyte X299 AORUS Ultra Gaming,"CPU:LGA2066,Form Factor:ATX,RAM Slots:8,Max RAM:128GB",287,343,4
247,Asus TUF X299 MARK 1,"CPU:LGA2066,Form Factor:ATX,RAM Slots:8,Max RAM:128GB",241,339,4
248,Intel Xeon E5-2697 V3,"Speed:2.6GHz,Cores:14,TDP:145W",2326,2774,1
249,Intel Xeon E5-2698 V3 (OEM/Tray),"Speed:2.3GHz,Cores:16,TDP:135W",2035,2660,1
250,Asus Z170-WS,"CPU:LGA1151,Form Factor:ATX,RAM Slots:4,Max RAM:64GB",279,338,4
251,MSI X299 GAMING PRO CARBON AC,"CPU:LGA2066,Form Factor:ATX,RAM Slots:8,Max RAM:128GB",238,337,4
252,Gigabyte X299 AORUS Gaming 9,"CPU:LGA2066,Form Factor:ATX,RAM Slots:8,Max RAM:128GB",395,499,4
253,Samsung MZ-V6P1T0BW,"Series:960 Pro,Type:SSD,Capacity:1TB,Cache:1GB",466,579,5
254,Samsung MZ-7KE256BW,"Series:850 Pro Series,Type:SSD,Capacity:256GB,Cache:N/A",97,119,5
255,Seagate ST2000DX002,"Series:FireCuda,Type:Hybrid,Capacity:2TB,Cache:64MB",64,90,5
256,Western Digital WD5000AACS,"Series:Caviar Green,Type:5400RPM,Capacity:500GB,Cache:16MB",20,26,5
257,SanDisk SDSSDHII-240G-G25,"Series:Ultra II,Type:SSD,Capacity:240GB,Cache:N/A",73,84,5
258,PNY SSD7CS1311-120-RB,"Series:CS1311,Type:SSD,Capacity:120GB,Cache:N/A",50,57,5
259,PNY SSD9SC240GMDA-RB,"Series:XLR8,Type:SSD,Capacity:240GB,Cache:N/A",58,80,5
260,Crucial CT1050MX300SSD1,"Series:MX300,Type:SSD,Capacity:1.1TB,Cache:N/A",192,267,5
261,G.Skill TridentZ RGB,"Speed:DDR4-3200,Type:288-pin DIMM,CAS:14Module:8x16GBSize:128GB",1330,1504,5
262,Corsair Dominator Platinum,"Speed:DDR4-3200,Type:288-pin DIMM,CAS:16Module:8x16GBSize:128GB",1051,1449,5
263,Western Digital WDS250G1B0B,"Series:Blue,Type:SSD,Capacity:250GB,Cache:N/A",70,89,5
264,Samsung MZ-75E120B/AM,"Series:850 EVO-Series,Type:SSD,Capacity:120GB,Cache:N/A",74,88,5
265,G.Skill Trident Z,"Speed:DDR4-3200,Type:288-pin DIMM,CAS:14Module:8x16GBSize:128GB",1163,1431,5
266,G.Skill Trident Z RGB,"Speed:DDR4-3333,Type:288-pin DIMM,CAS:16Module:8x16GBSize:128GB",1174,1418,5
267,EVGA 12G-P4-1999-KR,"Chipset:GeForce GTX Titan X,Memory:12GBCore Clock:1.15GHz",1328,1799,2
268,Western Digital WD10EZEX,"Series:Caviar Blue,Type:7200RPM,Capacity:1TB,Cache:64MB",35,47,5
269,Zotac ZT-P10810D-10P,"Chipset:GeForce GTX 1080 Ti,Memory:11GBCore Clock:1.57GHz",580,759,2
270,Gigabyte GV-N1070WF2OC-8GD,"Chipset:GeForce GTX 1070,Memory:8GBCore Clock:1.56GHz",551,769,2
271,MSI X99A GODLIKE GAMING CARBON,"CPU:LGA2011-3,Form Factor:EATX,RAM Slots:8,Max RAM:128GB",415,549,4
272,G.Skill Ripjaws 4 Series,"Speed:DDR4-2800,Type:288-pin DIMM,CAS:15Module:8x16GBSize:128GB",834,1073,5
273,Western Digital WD101KRYZ,"Series:Gold,Type:7200RPM,Capacity:10TB,Cache:256MB",313,443,5
274,ASRock E3C224D4M-16RE,"CPU:LGA1150,Form Factor:ATX,RAM Slots:4,Max RAM:32GB",364,499,4
275,MSI X99A GODLIKE GAMING,"CPU:LGA2011-3,Form Factor:EATX,RAM Slots:8,Max RAM:128GB",302,399,4
276,Corsair Vengeance LPX,"Speed:DDR4-2666,Type:288-pin DIMM,CAS:15Module:8x16GBSize:128GB",867,1163,5
277,G.Skill Trident Z,"Speed:DDR4-3200,Type:288-pin DIMM,CAS:14Module:8x8GBSize:64GB",556,758,5
278,G.Skill Ripjaws V Series,"Speed:DDR4-3000,Type:288-pin DIMM,CAS:14Module:8x8GBSize:64GB",546,677,5
279,G.Skill Ripjaws V Series,"Speed:DDR4-3000,Type:288-pin DIMM,CAS:14Module:8x16GBSize:128GB",1139,1318,5
280,Western Digital WDS500G1B0B,"Series:Blue,Type:SSD,Capacity:500GB,Cache:N/A",106,149,5
281,Asus ROG-POSEIDON-GTX1080TI-P11G-GAMING,"Chipset:GeForce GTX 1080 Ti,Memory:11GBCore Clock:1.62GHz",696,864,2
282,Corsair Dominator Platinum,"Speed:DDR4-3200,Type:288-pin DIMM,CAS:15Module:8x8GBSize:64GB",700,804,5
283,G.Skill Trident Z,"Speed:DDR4-3200,Type:288-pin DIMM,CAS:14Module:8x8GBSize:64GB",647,760,5
284,Kingston SA400S37/120G,"Series:A400,Type:SSD,Capacity:120GB,Cache:N/A",40,54,5
285,Samsung MZ-75E1T0B/AM,"Series:850 EVO-Series,Type:SSD,Capacity:1TB,Cache:N/A",260,339,5
286,Samsung MZ-V6E500,"Series:960 EVO,Type:SSD,Capacity:500GB,Cache:512MB",209,234,5
287,MSI X99A XPOWER GAMING TITANIUM,"CPU:LGA2011-3,Form Factor:EATX,RAM Slots:8,Max RAM:128GB",257,329,4
288,Asus ROG STRIX X99 GAMING,"CPU:LGA2011-3,Form Factor:ATX,RAM Slots:8,Max RAM:128GB",255,319,4
