[
    {
        "order_id": 1,
        "item_id": 1,
        "product_id": 137,
        "quantity": 116,
        "unit_price": 469
    },
    {
        "order_id": 1,
        "item_id": 2,
        "product_id": 78,
        "quantity": 77,
        "unit_price": 686
    },
    {
        "order_id": 1,
        "item_id": 3,
        "product_id": 64,
        "quantity": 52,
        "unit_price": 525
    },
    {
        "order_id": 1,
        "item_id": 4,
        "product_id": 210,
        "quantity": 87,
        "unit_price": 1029
    },
    {
        "order_id": 1,
        "item_id": 5,
        "product_id": 138,
        "quantity": 131,
        "unit_price": 645
    },
    {
        "order_id": 1,
        "item_id": 6,
        "product_id": 126,
        "quantity": 95,
        "unit_price": 640
    },
    {
        "order_id": 1,
        "item_id": 7,
        "product_id": 30,
        "quantity": 41,
        "unit_price": 645
    },
    {
        "order_id": 1,
        "item_id": 8,
        "product_id": 170,
        "quantity": 129,
        "unit_price": 383
    },
    {
        "order_id": 1,
        "item_id": 9,
        "product_id": 196,
        "quantity": 139,
        "unit_price": 1099
    },
    {
        "order_id": 1,
        "item_id": 10,
        "product_id": 64,
        "quantity": 147,
        "unit_price": 525
    },
    {
        "order_id": 1,
        "item_id": 11,
        "product_id": 169,
        "quantity": 105,
        "unit_price": 1844
    },
    {
        "order_id": 1,
        "item_id": 12,
        "product_id": 226,
        "quantity": 103,
        "unit_price": 309
    },
    {
        "order_id": 1,
        "item_id": 13,
        "product_id": 178,
        "quantity": 121,
        "unit_price": 1999
    },
    {
        "order_id": 2,
        "item_id": 1,
        "product_id": 43,
        "quantity": 111,
        "unit_price": 298
    },
    {
        "order_id": 2,
        "item_id": 2,
        "product_id": 265,
        "quantity": 121,
        "unit_price": 1431
    },
    {
        "order_id": 2,
        "item_id": 3,
        "product_id": 195,
        "quantity": 39,
        "unit_price": 1055
    },
    {
        "order_id": 2,
        "item_id": 4,
        "product_id": 18,
        "quantity": 49,
        "unit_price": 799
    },
    {
        "order_id": 2,
        "item_id": 5,
        "product_id": 160,
        "quantity": 30,
        "unit_price": 1908
    },
    {
        "order_id": 2,
        "item_id": 6,
        "product_id": 182,
        "quantity": 95,
        "unit_price": 949
    },
    {
        "order_id": 2,
        "item_id": 7,
        "product_id": 204,
        "quantity": 100,
        "unit_price": 686
    },
    {
        "order_id": 2,
        "item_id": 8,
        "product_id": 141,
        "quantity": 97,
        "unit_price": 419
    },
    {
        "order_id": 2,
        "item_id": 9,
        "product_id": 200,
        "quantity": 75,
        "unit_price": 620
    },
    {
        "order_id": 3,
        "item_id": 1,
        "product_id": 24,
        "quantity": 111,
        "unit_price": 66
    },
    {
        "order_id": 3,
        "item_id": 2,
        "product_id": 56,
        "quantity": 65,
        "unit_price": 16
    },
    {
        "order_id": 3,
        "item_id": 3,
        "product_id": 28,
        "quantity": 63,
        "unit_price": 479
    },
    {
        "order_id": 3,
        "item_id": 4,
        "product_id": 64,
        "quantity": 46,
        "unit_price": 525
    },
    {
        "order_id": 3,
        "item_id": 5,
        "product_id": 107,
        "quantity": 112,
        "unit_price": 644
    },
    {
        "order_id": 3,
        "item_id": 6,
        "product_id": 36,
        "quantity": 81,
        "unit_price": 1299
    },
    {
        "order_id": 3,
        "item_id": 7,
        "product_id": 125,
        "quantity": 73,
        "unit_price": 768
    },
    {
        "order_id": 3,
        "item_id": 8,
        "product_id": 190,
        "quantity": 127,
        "unit_price": 948
    },
    {
        "order_id": 4,
        "item_id": 1,
        "product_id": 280,
        "quantity": 47,
        "unit_price": 149
    },
    {
        "order_id": 4,
        "item_id": 2,
        "product_id": 137,
        "quantity": 75,
        "unit_price": 469
    },
    {
        "order_id": 4,
        "item_id": 3,
        "product_id": 7,
        "quantity": 140,
        "unit_price": 680
    },
    {
        "order_id": 4,
        "item_id": 4,
        "product_id": 287,
        "quantity": 60,
        "unit_price": 329
    },
    {
        "order_id": 4,
        "item_id": 5,
        "product_id": 20,
        "quantity": 80,
        "unit_price": 719
    },
    {
        "order_id": 4,
        "item_id": 6,
        "product_id": 159,
        "quantity": 96,
        "unit_price": 1994
    },
    {
        "order_id": 4,
        "item_id": 7,
        "product_id": 262,
        "quantity": 79,
        "unit_price": 1449
    },
    {
        "order_id": 4,
        "item_id": 8,
        "product_id": 18,
        "quantity": 116,
        "unit_price": 799
    },
    {
        "order_id": 5,
        "item_id": 1,
        "product_id": 149,
        "quantity": 70,
        "unit_price": 282
    },
    {
        "order_id": 5,
        "item_id": 2,
        "product_id": 15,
        "quantity": 45,
        "unit_price": 725
    },
    {
        "order_id": 5,
        "item_id": 3,
        "product_id": 216,
        "quantity": 82,
        "unit_price": 863
    },
    {
        "order_id": 5,
        "item_id": 4,
        "product_id": 31,
        "quantity": 77,
        "unit_price": 443
    },
    {
        "order_id": 5,
        "item_id": 5,
        "product_id": 31,
        "quantity": 78,
        "unit_price": 443
    },
    {
        "order_id": 6,
        "item_id": 1,
        "product_id": 199,
        "quantity": 67,
        "unit_price": 647
    },
    {
        "order_id": 6,
        "item_id": 2,
        "product_id": 138,
        "quantity": 41,
        "unit_price": 645
    },
    {
        "order_id": 6,
        "item_id": 3,
        "product_id": 94,
        "quantity": 90,
        "unit_price": 15
    },
    {
        "order_id": 6,
        "item_id": 4,
        "product_id": 258,
        "quantity": 145,
        "unit_price": 57
    },
    {
        "order_id": 6,
        "item_id": 5,
        "product_id": 11,
        "quantity": 74,
        "unit_price": 2015
    },
    {
        "order_id": 6,
        "item_id": 6,
        "product_id": 89,
        "quantity": 150,
        "unit_price": 749
    },
    {
        "order_id": 6,
        "item_id": 7,
        "product_id": 7,
        "quantity": 119,
        "unit_price": 680
    },
    {
        "order_id": 7,
        "item_id": 1,
        "product_id": 227,
        "quantity": 74,
        "unit_price": 305
    },
    {
        "order_id": 7,
        "item_id": 2,
        "product_id": 230,
        "quantity": 49,
        "unit_price": 136
    },
    {
        "order_id": 8,
        "item_id": 1,
        "product_id": 87,
        "quantity": 92,
        "unit_price": 759
    },
    {
        "order_id": 8,
        "item_id": 2,
        "product_id": 12,
        "quantity": 70,
        "unit_price": 824
    },
    {
        "order_id": 8,
        "item_id": 3,
        "product_id": 71,
        "quantity": 87,
        "unit_price": 660
    },
    {
        "order_id": 8,
        "item_id": 4,
        "product_id": 25,
        "quantity": 40,
        "unit_price": 104
    },
    {
        "order_id": 8,
        "item_id": 5,
        "product_id": 284,
        "quantity": 118,
        "unit_price": 54
    },
    {
        "order_id": 8,
        "item_id": 6,
        "product_id": 127,
        "quantity": 34,
        "unit_price": 719
    },
    {
        "order_id": 8,
        "item_id": 7,
        "product_id": 16,
        "quantity": 135,
        "unit_price": 889
    },
    {
        "order_id": 8,
        "item_id": 8,
        "product_id": 100,
        "quantity": 68,
        "unit_price": 97
    },
    {
        "order_id": 8,
        "item_id": 9,
        "product_id": 268,
        "quantity": 148,
        "unit_price": 47
    },
    {
        "order_id": 9,
        "item_id": 1,
        "product_id": 108,
        "quantity": 139,
        "unit_price": 849
    },
    {
        "order_id": 9,
        "item_id": 2,
        "product_id": 99,
        "quantity": 123,
        "unit_price": 68
    },
    {
        "order_id": 9,
        "item_id": 3,
        "product_id": 265,
        "quantity": 90,
        "unit_price": 1431
    },
    {
        "order_id": 9,
        "item_id": 4,
        "product_id": 288,
        "quantity": 62,
        "unit_price": 319
    },
    {
        "order_id": 9,
        "item_id": 5,
        "product_id": 145,
        "quantity": 58,
        "unit_price": 287
    },
    {
        "order_id": 9,
        "item_id": 6,
        "product_id": 14,
        "quantity": 48,
        "unit_price": 704
    },
    {
        "order_id": 9,
        "item_id": 7,
        "product_id": 124,
        "quantity": 117,
        "unit_price": 594
    },
    {
        "order_id": 9,
        "item_id": 8,
        "product_id": 93,
        "quantity": 132,
        "unit_price": 2116
    },
    {
        "order_id": 10,
        "item_id": 1,
        "product_id": 145,
        "quantity": 118,
        "unit_price": 287
    },
    {
        "order_id": 10,
        "item_id": 2,
        "product_id": 10,
        "quantity": 102,
        "unit_price": 811
    },
    {
        "order_id": 10,
        "item_id": 3,
        "product_id": 182,
        "quantity": 83,
        "unit_price": 949
    },
    {
        "order_id": 10,
        "item_id": 4,
        "product_id": 172,
        "quantity": 133,
        "unit_price": 358
    },
    {
        "order_id": 10,
        "item_id": 5,
        "product_id": 218,
        "quantity": 68,
        "unit_price": 1388
    },
    {
        "order_id": 10,
        "item_id": 6,
        "product_id": 64,
        "quantity": 96,
        "unit_price": 525
    },
    {
        "order_id": 10,
        "item_id": 7,
        "product_id": 127,
        "quantity": 52,
        "unit_price": 719
    },
    {
        "order_id": 10,
        "item_id": 8,
        "product_id": 18,
        "quantity": 124,
        "unit_price": 799
    },
    {
        "order_id": 10,
        "item_id": 9,
        "product_id": 119,
        "quantity": 107,
        "unit_price": 899
    },
    {
        "order_id": 11,
        "item_id": 1,
        "product_id": 96,
        "quantity": 113,
        "unit_price": 141
    },
    {
        "order_id": 11,
        "item_id": 2,
        "product_id": 40,
        "quantity": 79,
        "unit_price": 299
    },
    {
        "order_id": 12,
        "item_id": 1,
        "product_id": 191,
        "quantity": 41,
        "unit_price": 573
    },
    {
        "order_id": 12,
        "item_id": 2,
        "product_id": 63,
        "quantity": 58,
        "unit_price": 572
    },
    {
        "order_id": 12,
        "item_id": 3,
        "product_id": 42,
        "quantity": 75,
        "unit_price": 299
    },
    {
        "order_id": 12,
        "item_id": 4,
        "product_id": 144,
        "quantity": 70,
        "unit_price": 289
    },
    {
        "order_id": 12,
        "item_id": 5,
        "product_id": 208,
        "quantity": 133,
        "unit_price": 1199
    },
    {
        "order_id": 12,
        "item_id": 6,
        "product_id": 236,
        "quantity": 114,
        "unit_price": 745
    },
    {
        "order_id": 12,
        "item_id": 7,
        "product_id": 141,
        "quantity": 110,
        "unit_price": 419
    },
    {
        "order_id": 12,
        "item_id": 8,
        "product_id": 256,
        "quantity": 85,
        "unit_price": 26
    },
    {
        "order_id": 12,
        "item_id": 9,
        "product_id": 282,
        "quantity": 117,
        "unit_price": 804
    },
    {
        "order_id": 12,
        "item_id": 10,
        "product_id": 210,
        "quantity": 37,
        "unit_price": 1029
    },
    {
        "order_id": 12,
        "item_id": 11,
        "product_id": 169,
        "quantity": 114,
        "unit_price": 1844
    },
    {
        "order_id": 12,
        "item_id": 12,
        "product_id": 96,
        "quantity": 120,
        "unit_price": 141
    },
    {
        "order_id": 13,
        "item_id": 1,
        "product_id": 84,
        "quantity": 46,
        "unit_price": 440
    },
    {
        "order_id": 13,
        "item_id": 2,
        "product_id": 85,
        "quantity": 82,
        "unit_price": 1274
    },
    {
        "order_id": 13,
        "item_id": 3,
        "product_id": 240,
        "quantity": 80,
        "unit_price": 1805
    },
    {
        "order_id": 13,
        "item_id": 4,
        "product_id": 30,
        "quantity": 60,
        "unit_price": 645
    },
    {
        "order_id": 13,
        "item_id": 5,
        "product_id": 167,
        "quantity": 89,
        "unit_price": 1010
    },
    {
        "order_id": 13,
        "item_id": 6,
        "product_id": 1,
        "quantity": 127,
        "unit_price": 640
    },
    {
        "order_id": 13,
        "item_id": 7,
        "product_id": 39,
        "quantity": 67,
        "unit_price": 301
    },
    {
        "order_id": 13,
        "item_id": 8,
        "product_id": 1,
        "quantity": 95,
        "unit_price": 640
    },
    {
        "order_id": 13,
        "item_id": 9,
        "product_id": 225,
        "quantity": 137,
        "unit_price": 503
    },
    {
        "order_id": 13,
        "item_id": 10,
        "product_id": 245,
        "quantity": 138,
        "unit_price": 1699
    },
    {
        "order_id": 14,
        "item_id": 1,
        "product_id": 129,
        "quantity": 98,
        "unit_price": 734
    },
    {
        "order_id": 14,
        "item_id": 2,
        "product_id": 206,
        "quantity": 133,
        "unit_price": 4139
    },
    {
        "order_id": 14,
        "item_id": 3,
        "product_id": 231,
        "quantity": 87,
        "unit_price": 449
    },
    {
        "order_id": 14,
        "item_id": 4,
        "product_id": 114,
        "quantity": 40,
        "unit_price": 820
    },
    {
        "order_id": 14,
        "item_id": 5,
        "product_id": 239,
        "quantity": 125,
        "unit_price": 739
    },
    {
        "order_id": 14,
        "item_id": 6,
        "product_id": 188,
        "quantity": 79,
        "unit_price": 482
    },
    {
        "order_id": 14,
        "item_id": 7,
        "product_id": 113,
        "quantity": 32,
        "unit_price": 704
    },
    {
        "order_id": 14,
        "item_id": 8,
        "product_id": 238,
        "quantity": 64,
        "unit_price": 741
    },
    {
        "order_id": 15,
        "item_id": 1,
        "product_id": 287,
        "quantity": 60,
        "unit_price": 329
    },
    {
        "order_id": 15,
        "item_id": 2,
        "product_id": 154,
        "quantity": 67,
        "unit_price": 1204
    },
    {
        "order_id": 15,
        "item_id": 3,
        "product_id": 246,
        "quantity": 133,
        "unit_price": 343
    },
    {
        "order_id": 15,
        "item_id": 4,
        "product_id": 239,
        "quantity": 71,
        "unit_price": 739
    },
    {
        "order_id": 15,
        "item_id": 5,
        "product_id": 230,
        "quantity": 92,
        "unit_price": 136
    },
    {
        "order_id": 15,
        "item_id": 6,
        "product_id": 253,
        "quantity": 83,
        "unit_price": 579
    },
    {
        "order_id": 15,
        "item_id": 7,
        "product_id": 83,
        "quantity": 118,
        "unit_price": 829
    },
    {
        "order_id": 15,
        "item_id": 8,
        "product_id": 241,
        "quantity": 77,
        "unit_price": 1756
    },
    {
        "order_id": 16,
        "item_id": 1,
        "product_id": 166,
        "quantity": 70,
        "unit_price": 1638
    },
    {
        "order_id": 16,
        "item_id": 2,
        "product_id": 155,
        "quantity": 106,
        "unit_price": 588
    },
    {
        "order_id": 16,
        "item_id": 3,
        "product_id": 235,
        "quantity": 56,
        "unit_price": 41
    },
    {
        "order_id": 16,
        "item_id": 4,
        "product_id": 95,
        "quantity": 42,
        "unit_price": 109
    },
    {
        "order_id": 16,
        "item_id": 5,
        "product_id": 45,
        "quantity": 80,
        "unit_price": 2501
    },
    {
        "order_id": 16,
        "item_id": 6,
        "product_id": 131,
        "quantity": 53,
        "unit_price": 279
    },
    {
        "order_id": 16,
        "item_id": 7,
        "product_id": 256,
        "quantity": 44,
        "unit_price": 26
    },
    {
        "order_id": 16,
        "item_id": 8,
        "product_id": 138,
        "quantity": 142,
        "unit_price": 645
    },
    {
        "order_id": 16,
        "item_id": 9,
        "product_id": 135,
        "quantity": 76,
        "unit_price": 127
    },
    {
        "order_id": 17,
        "item_id": 1,
        "product_id": 149,
        "quantity": 51,
        "unit_price": 282
    },
    {
        "order_id": 18,
        "item_id": 1,
        "product_id": 213,
        "quantity": 105,
        "unit_price": 1469
    },
    {
        "order_id": 18,
        "item_id": 2,
        "product_id": 226,
        "quantity": 57,
        "unit_price": 309
    },
    {
        "order_id": 18,
        "item_id": 3,
        "product_id": 93,
        "quantity": 83,
        "unit_price": 2116
    },
    {
        "order_id": 18,
        "item_id": 4,
        "product_id": 91,
        "quantity": 141,
        "unit_price": 2259
    },
    {
        "order_id": 18,
        "item_id": 5,
        "product_id": 87,
        "quantity": 103,
        "unit_price": 759
    },
    {
        "order_id": 18,
        "item_id": 6,
        "product_id": 259,
        "quantity": 60,
        "unit_price": 80
    },
    {
        "order_id": 18,
        "item_id": 7,
        "product_id": 188,
        "quantity": 133,
        "unit_price": 482
    },
    {
        "order_id": 18,
        "item_id": 8,
        "product_id": 136,
        "quantity": 32,
        "unit_price": 826
    },
    {
        "order_id": 19,
        "item_id": 1,
        "product_id": 38,
        "quantity": 53,
        "unit_price": 1199
    },
    {
        "order_id": 19,
        "item_id": 2,
        "product_id": 24,
        "quantity": 62,
        "unit_price": 66
    },
    {
        "order_id": 19,
        "item_id": 3,
        "product_id": 23,
        "quantity": 142,
        "unit_price": 89
    },
    {
        "order_id": 19,
        "item_id": 4,
        "product_id": 259,
        "quantity": 46,
        "unit_price": 80
    },
    {
        "order_id": 19,
        "item_id": 5,
        "product_id": 107,
        "quantity": 106,
        "unit_price": 644
    },
    {
        "order_id": 19,
        "item_id": 6,
        "product_id": 103,
        "quantity": 105,
        "unit_price": 809
    },
    {
        "order_id": 19,
        "item_id": 7,
        "product_id": 30,
        "quantity": 94,
        "unit_price": 645
    },
    {
        "order_id": 19,
        "item_id": 8,
        "product_id": 91,
        "quantity": 130,
        "unit_price": 2259
    },
    {
        "order_id": 19,
        "item_id": 9,
        "product_id": 63,
        "quantity": 83,
        "unit_price": 572
    },
    {
        "order_id": 19,
        "item_id": 10,
        "product_id": 200,
        "quantity": 93,
        "unit_price": 620
    },
    {
        "order_id": 20,
        "item_id": 1,
        "product_id": 126,
        "quantity": 105,
        "unit_price": 640
    },
    {
        "order_id": 20,
        "item_id": 2,
        "product_id": 41,
        "quantity": 78,
        "unit_price": 299
    },
    {
        "order_id": 21,
        "item_id": 1,
        "product_id": 36,
        "quantity": 79,
        "unit_price": 1299
    },
    {
        "order_id": 21,
        "item_id": 2,
        "product_id": 101,
        "quantity": 146,
        "unit_price": 635
    },
    {
        "order_id": 21,
        "item_id": 3,
        "product_id": 250,
        "quantity": 120,
        "unit_price": 338
    },
    {
        "order_id": 21,
        "item_id": 4,
        "product_id": 1,
        "quantity": 135,
        "unit_price": 640
    },
    {
        "order_id": 22,
        "item_id": 1,
        "product_id": 83,
        "quantity": 44,
        "unit_price": 829
    },
    {
        "order_id": 22,
        "item_id": 2,
        "product_id": 116,
        "quantity": 45,
        "unit_price": 731
    },
    {
        "order_id": 22,
        "item_id": 3,
        "product_id": 24,
        "quantity": 77,
        "unit_price": 66
    },
    {
        "order_id": 22,
        "item_id": 4,
        "product_id": 288,
        "quantity": 44,
        "unit_price": 319
    },
    {
        "order_id": 22,
        "item_id": 5,
        "product_id": 160,
        "quantity": 59,
        "unit_price": 1908
    },
    {
        "order_id": 22,
        "item_id": 6,
        "product_id": 56,
        "quantity": 43,
        "unit_price": 16
    },
    {
        "order_id": 22,
        "item_id": 7,
        "product_id": 17,
        "quantity": 60,
        "unit_price": 699
    },
    {
        "order_id": 22,
        "item_id": 8,
        "product_id": 222,
        "quantity": 99,
        "unit_price": 754
    },
    {
        "order_id": 22,
        "item_id": 9,
        "product_id": 8,
        "quantity": 89,
        "unit_price": 601
    },
    {
        "order_id": 22,
        "item_id": 10,
        "product_id": 90,
        "quantity": 95,
        "unit_price": 759
    },
    {
        "order_id": 22,
        "item_id": 11,
        "product_id": 234,
        "quantity": 144,
        "unit_price": 150
    },
    {
        "order_id": 22,
        "item_id": 12,
        "product_id": 108,
        "quantity": 45,
        "unit_price": 849
    },
    {
        "order_id": 22,
        "item_id": 13,
        "product_id": 281,
        "quantity": 73,
        "unit_price": 864
    },
    {
        "order_id": 23,
        "item_id": 1,
        "product_id": 202,
        "quantity": 104,
        "unit_price": 713
    },
    {
        "order_id": 23,
        "item_id": 2,
        "product_id": 190,
        "quantity": 50,
        "unit_price": 948
    },
    {
        "order_id": 23,
        "item_id": 3,
        "product_id": 210,
        "quantity": 80,
        "unit_price": 1029
    },
    {
        "order_id": 23,
        "item_id": 4,
        "product_id": 116,
        "quantity": 74,
        "unit_price": 731
    },
    {
        "order_id": 23,
        "item_id": 5,
        "product_id": 5,
        "quantity": 59,
        "unit_price": 2290
    },
    {
        "order_id": 23,
        "item_id": 6,
        "product_id": 169,
        "quantity": 40,
        "unit_price": 1844
    },
    {
        "order_id": 23,
        "item_id": 7,
        "product_id": 286,
        "quantity": 36,
        "unit_price": 234
    },
    {
        "order_id": 23,
        "item_id": 8,
        "product_id": 241,
        "quantity": 126,
        "unit_price": 1756
    },
    {
        "order_id": 23,
        "item_id": 9,
        "product_id": 14,
        "quantity": 86,
        "unit_price": 704
    },
    {
        "order_id": 23,
        "item_id": 10,
        "product_id": 187,
        "quantity": 110,
        "unit_price": 353
    },
    {
        "order_id": 24,
        "item_id": 1,
        "product_id": 121,
        "quantity": 129,
        "unit_price": 721
    },
    {
        "order_id": 24,
        "item_id": 2,
        "product_id": 227,
        "quantity": 61,
        "unit_price": 305
    },
    {
        "order_id": 24,
        "item_id": 3,
        "product_id": 47,
        "quantity": 51,
        "unit_price": 2377
    },
    {
        "order_id": 24,
        "item_id": 4,
        "product_id": 24,
        "quantity": 59,
        "unit_price": 66
    },
    {
        "order_id": 24,
        "item_id": 5,
        "product_id": 41,
        "quantity": 83,
        "unit_price": 299
    },
    {
        "order_id": 24,
        "item_id": 6,
        "product_id": 276,
        "quantity": 99,
        "unit_price": 1163
    },
    {
        "order_id": 25,
        "item_id": 1,
        "product_id": 43,
        "quantity": 109,
        "unit_price": 298
    },
    {
        "order_id": 25,
        "item_id": 2,
        "product_id": 239,
        "quantity": 119,
        "unit_price": 739
    },
    {
        "order_id": 25,
        "item_id": 3,
        "product_id": 29,
        "quantity": 65,
        "unit_price": 645
    },
    {
        "order_id": 25,
        "item_id": 4,
        "product_id": 209,
        "quantity": 80,
        "unit_price": 1199
    },
    {
        "order_id": 25,
        "item_id": 5,
        "product_id": 235,
        "quantity": 45,
        "unit_price": 41
    },
    {
        "order_id": 25,
        "item_id": 6,
        "product_id": 28,
        "quantity": 85,
        "unit_price": 479
    },
    {
        "order_id": 25,
        "item_id": 7,
        "product_id": 135,
        "quantity": 132,
        "unit_price": 127
    },
    {
        "order_id": 25,
        "item_id": 8,
        "product_id": 2,
        "quantity": 65,
        "unit_price": 2554
    },
    {
        "order_id": 26,
        "item_id": 1,
        "product_id": 200,
        "quantity": 114,
        "unit_price": 620
    },
    {
        "order_id": 26,
        "item_id": 2,
        "product_id": 186,
        "quantity": 92,
        "unit_price": 1449
    },
    {
        "order_id": 26,
        "item_id": 3,
        "product_id": 279,
        "quantity": 71,
        "unit_price": 1318
    },
    {
        "order_id": 26,
        "item_id": 4,
        "product_id": 164,
        "quantity": 78,
        "unit_price": 1850
    },
    {
        "order_id": 26,
        "item_id": 5,
        "product_id": 151,
        "quantity": 36,
        "unit_price": 281
    },
    {
        "order_id": 27,
        "item_id": 1,
        "product_id": 71,
        "quantity": 38,
        "unit_price": 660
    },
    {
        "order_id": 27,
        "item_id": 2,
        "product_id": 141,
        "quantity": 77,
        "unit_price": 419
    },
    {
        "order_id": 27,
        "item_id": 3,
        "product_id": 68,
        "quantity": 96,
        "unit_price": 766
    },
    {
        "order_id": 27,
        "item_id": 4,
        "product_id": 263,
        "quantity": 95,
        "unit_price": 89
    },
    {
        "order_id": 27,
        "item_id": 5,
        "product_id": 118,
        "quantity": 122,
        "unit_price": 699
    },
    {
        "order_id": 27,
        "item_id": 6,
        "product_id": 29,
        "quantity": 133,
        "unit_price": 645
    },
    {
        "order_id": 27,
        "item_id": 7,
        "product_id": 155,
        "quantity": 51,
        "unit_price": 588
    },
    {
        "order_id": 27,
        "item_id": 8,
        "product_id": 71,
        "quantity": 127,
        "unit_price": 660
    },
    {
        "order_id": 27,
        "item_id": 9,
        "product_id": 93,
        "quantity": 132,
        "unit_price": 2116
    },
    {
        "order_id": 27,
        "item_id": 10,
        "product_id": 150,
        "quantity": 58,
        "unit_price": 281
    },
    {
        "order_id": 27,
        "item_id": 11,
        "product_id": 116,
        "quantity": 67,
        "unit_price": 731
    },
    {
        "order_id": 27,
        "item_id": 12,
        "product_id": 92,
        "quantity": 105,
        "unit_price": 2200
    },
    {
        "order_id": 27,
        "item_id": 13,
        "product_id": 111,
        "quantity": 102,
        "unit_price": 827
    },
    {
        "order_id": 28,
        "item_id": 1,
        "product_id": 31,
        "quantity": 61,
        "unit_price": 443
    },
    {
        "order_id": 28,
        "item_id": 2,
        "product_id": 121,
        "quantity": 120,
        "unit_price": 721
    },
    {
        "order_id": 28,
        "item_id": 3,
        "product_id": 41,
        "quantity": 56,
        "unit_price": 299
    },
    {
        "order_id": 28,
        "item_id": 4,
        "product_id": 208,
        "quantity": 139,
        "unit_price": 1199
    },
    {
        "order_id": 28,
        "item_id": 5,
        "product_id": 27,
        "quantity": 99,
        "unit_price": 800
    },
    {
        "order_id": 28,
        "item_id": 6,
        "product_id": 210,
        "quantity": 120,
        "unit_price": 1029
    },
    {
        "order_id": 28,
        "item_id": 7,
        "product_id": 54,
        "quantity": 131,
        "unit_price": 1019
    },
    {
        "order_id": 28,
        "item_id": 8,
        "product_id": 40,
        "quantity": 105,
        "unit_price": 299
    },
    {
        "order_id": 29,
        "item_id": 1,
        "product_id": 7,
        "quantity": 38,
        "unit_price": 680
    },
    {
        "order_id": 29,
        "item_id": 2,
        "product_id": 82,
        "quantity": 62,
        "unit_price": 1499
    },
    {
        "order_id": 29,
        "item_id": 3,
        "product_id": 268,
        "quantity": 118,
        "unit_price": 47
    },
    {
        "order_id": 29,
        "item_id": 4,
        "product_id": 141,
        "quantity": 32,
        "unit_price": 419
    },
    {
        "order_id": 29,
        "item_id": 5,
        "product_id": 258,
        "quantity": 137,
        "unit_price": 57
    },
    {
        "order_id": 29,
        "item_id": 6,
        "product_id": 30,
        "quantity": 75,
        "unit_price": 645
    },
    {
        "order_id": 29,
        "item_id": 7,
        "product_id": 166,
        "quantity": 103,
        "unit_price": 1638
    },
    {
        "order_id": 29,
        "item_id": 8,
        "product_id": 10,
        "quantity": 81,
        "unit_price": 811
    },
    {
        "order_id": 29,
        "item_id": 9,
        "product_id": 233,
        "quantity": 71,
        "unit_price": 59
    },
    {
        "order_id": 29,
        "item_id": 10,
        "product_id": 76,
        "quantity": 62,
        "unit_price": 629
    },
    {
        "order_id": 29,
        "item_id": 11,
        "product_id": 115,
        "quantity": 52,
        "unit_price": 699
    },
    {
        "order_id": 30,
        "item_id": 1,
        "product_id": 235,
        "quantity": 70,
        "unit_price": 41
    },
    {
        "order_id": 30,
        "item_id": 2,
        "product_id": 200,
        "quantity": 137,
        "unit_price": 620
    },
    {
        "order_id": 30,
        "item_id": 3,
        "product_id": 260,
        "quantity": 37,
        "unit_price": 267
    },
    {
        "order_id": 30,
        "item_id": 4,
        "product_id": 237,
        "quantity": 50,
        "unit_price": 744
    },
    {
        "order_id": 30,
        "item_id": 5,
        "product_id": 43,
        "quantity": 68,
        "unit_price": 298
    },
    {
        "order_id": 30,
        "item_id": 6,
        "product_id": 4,
        "quantity": 82,
        "unit_price": 2699
    },
    {
        "order_id": 30,
        "item_id": 7,
        "product_id": 155,
        "quantity": 64,
        "unit_price": 588
    },
    {
        "order_id": 31,
        "item_id": 1,
        "product_id": 101,
        "quantity": 68,
        "unit_price": 635
    },
    {
        "order_id": 31,
        "item_id": 2,
        "product_id": 176,
        "quantity": 97,
        "unit_price": 939
    },
    {
        "order_id": 31,
        "item_id": 3,
        "product_id": 191,
        "quantity": 147,
        "unit_price": 573
    },
    {
        "order_id": 31,
        "item_id": 4,
        "product_id": 226,
        "quantity": 34,
        "unit_price": 309
    },
    {
        "order_id": 31,
        "item_id": 5,
        "product_id": 79,
        "quantity": 56,
        "unit_price": 659
    },
    {
        "order_id": 31,
        "item_id": 6,
        "product_id": 171,
        "quantity": 103,
        "unit_price": 382
    },
    {
        "order_id": 32,
        "item_id": 1,
        "product_id": 251,
        "quantity": 83,
        "unit_price": 337
    },
    {
        "order_id": 32,
        "item_id": 2,
        "product_id": 142,
        "quantity": 130,
        "unit_price": 2998
    },
    {
        "order_id": 32,
        "item_id": 3,
        "product_id": 73,
        "quantity": 134,
        "unit_price": 799
    },
    {
        "order_id": 32,
        "item_id": 4,
        "product_id": 30,
        "quantity": 105,
        "unit_price": 645
    },
    {
        "order_id": 32,
        "item_id": 5,
        "product_id": 85,
        "quantity": 148,
        "unit_price": 1274
    },
    {
        "order_id": 32,
        "item_id": 6,
        "product_id": 102,
        "quantity": 147,
        "unit_price": 2042
    },
    {
        "order_id": 33,
        "item_id": 1,
        "product_id": 55,
        "quantity": 93,
        "unit_price": 150
    },
    {
        "order_id": 33,
        "item_id": 2,
        "product_id": 153,
        "quantity": 33,
        "unit_price": 1249
    },
    {
        "order_id": 33,
        "item_id": 3,
        "product_id": 217,
        "quantity": 67,
        "unit_price": 401
    },
    {
        "order_id": 33,
        "item_id": 4,
        "product_id": 55,
        "quantity": 93,
        "unit_price": 150
    },
    {
        "order_id": 33,
        "item_id": 5,
        "product_id": 62,
        "quantity": 84,
        "unit_price": 789
    },
    {
        "order_id": 33,
        "item_id": 6,
        "product_id": 190,
        "quantity": 70,
        "unit_price": 948
    },
    {
        "order_id": 33,
        "item_id": 7,
        "product_id": 18,
        "quantity": 41,
        "unit_price": 799
    },
    {
        "order_id": 33,
        "item_id": 8,
        "product_id": 13,
        "quantity": 75,
        "unit_price": 704
    },
    {
        "order_id": 34,
        "item_id": 1,
        "product_id": 185,
        "quantity": 141,
        "unit_price": 873
    },
    {
        "order_id": 34,
        "item_id": 2,
        "product_id": 131,
        "quantity": 113,
        "unit_price": 279
    },
    {
        "order_id": 34,
        "item_id": 3,
        "product_id": 39,
        "quantity": 100,
        "unit_price": 301
    },
    {
        "order_id": 34,
        "item_id": 4,
        "product_id": 143,
        "quantity": 106,
        "unit_price": 402
    },
    {
        "order_id": 34,
        "item_id": 5,
        "product_id": 68,
        "quantity": 37,
        "unit_price": 766
    },
    {
        "order_id": 34,
        "item_id": 6,
        "product_id": 101,
        "quantity": 62,
        "unit_price": 635
    },
    {
        "order_id": 35,
        "item_id": 1,
        "product_id": 174,
        "quantity": 133,
        "unit_price": 798
    },
    {
        "order_id": 35,
        "item_id": 2,
        "product_id": 70,
        "quantity": 134,
        "unit_price": 710
    },
    {
        "order_id": 35,
        "item_id": 3,
        "product_id": 211,
        "quantity": 87,
        "unit_price": 1064
    },
    {
        "order_id": 35,
        "item_id": 4,
        "product_id": 41,
        "quantity": 79,
        "unit_price": 299
    },
    {
        "order_id": 35,
        "item_id": 5,
        "product_id": 186,
        "quantity": 41,
        "unit_price": 1449
    },
    {
        "order_id": 36,
        "item_id": 1,
        "product_id": 204,
        "quantity": 45,
        "unit_price": 686
    },
    {
        "order_id": 36,
        "item_id": 2,
        "product_id": 101,
        "quantity": 105,
        "unit_price": 635
    },
    {
        "order_id": 36,
        "item_id": 3,
        "product_id": 100,
        "quantity": 102,
        "unit_price": 97
    },
    {
        "order_id": 36,
        "item_id": 4,
        "product_id": 10,
        "quantity": 72,
        "unit_price": 811
    },
    {
        "order_id": 36,
        "item_id": 5,
        "product_id": 255,
        "quantity": 143,
        "unit_price": 90
    },
    {
        "order_id": 36,
        "item_id": 6,
        "product_id": 205,
        "quantity": 33,
        "unit_price": 649
    },
    {
        "order_id": 36,
        "item_id": 7,
        "product_id": 152,
        "quantity": 45,
        "unit_price": 280
    },
    {
        "order_id": 36,
        "item_id": 8,
        "product_id": 141,
        "quantity": 144,
        "unit_price": 419
    },
    {
        "order_id": 37,
        "item_id": 1,
        "product_id": 35,
        "quantity": 150,
        "unit_price": 1314
    },
    {
        "order_id": 37,
        "item_id": 2,
        "product_id": 67,
        "quantity": 129,
        "unit_price": 863
    },
    {
        "order_id": 37,
        "item_id": 3,
        "product_id": 147,
        "quantity": 100,
        "unit_price": 283
    },
    {
        "order_id": 38,
        "item_id": 1,
        "product_id": 71,
        "quantity": 90,
        "unit_price": 660
    },
    {
        "order_id": 38,
        "item_id": 2,
        "product_id": 169,
        "quantity": 52,
        "unit_price": 1844
    },
    {
        "order_id": 38,
        "item_id": 3,
        "product_id": 264,
        "quantity": 89,
        "unit_price": 88
    },
    {
        "order_id": 38,
        "item_id": 4,
        "product_id": 61,
        "quantity": 59,
        "unit_price": 487
    },
    {
        "order_id": 38,
        "item_id": 5,
        "product_id": 209,
        "quantity": 149,
        "unit_price": 1199
    },
    {
        "order_id": 38,
        "item_id": 6,
        "product_id": 278,
        "quantity": 76,
        "unit_price": 677
    },
    {
        "order_id": 38,
        "item_id": 7,
        "product_id": 49,
        "quantity": 139,
        "unit_price": 1499
    },
    {
        "order_id": 39,
        "item_id": 1,
        "product_id": 186,
        "quantity": 116,
        "unit_price": 1449
    },
    {
        "order_id": 39,
        "item_id": 2,
        "product_id": 153,
        "quantity": 108,
        "unit_price": 1249
    },
    {
        "order_id": 39,
        "item_id": 3,
        "product_id": 109,
        "quantity": 33,
        "unit_price": 713
    },
    {
        "order_id": 39,
        "item_id": 4,
        "product_id": 53,
        "quantity": 128,
        "unit_price": 1003
    },
    {
        "order_id": 39,
        "item_id": 5,
        "product_id": 38,
        "quantity": 144,
        "unit_price": 1199
    },
    {
        "order_id": 39,
        "item_id": 6,
        "product_id": 20,
        "quantity": 112,
        "unit_price": 719
    },
    {
        "order_id": 39,
        "item_id": 7,
        "product_id": 185,
        "quantity": 101,
        "unit_price": 873
    },
    {
        "order_id": 39,
        "item_id": 8,
        "product_id": 179,
        "quantity": 102,
        "unit_price": 312
    },
    {
        "order_id": 39,
        "item_id": 9,
        "product_id": 144,
        "quantity": 125,
        "unit_price": 289
    },
    {
        "order_id": 40,
        "item_id": 1,
        "product_id": 141,
        "quantity": 106,
        "unit_price": 419
    },
    {
        "order_id": 40,
        "item_id": 2,
        "product_id": 101,
        "quantity": 131,
        "unit_price": 635
    },
    {
        "order_id": 40,
        "item_id": 3,
        "product_id": 250,
        "quantity": 131,
        "unit_price": 338
    },
    {
        "order_id": 40,
        "item_id": 4,
        "product_id": 230,
        "quantity": 80,
        "unit_price": 136
    },
    {
        "order_id": 40,
        "item_id": 5,
        "product_id": 98,
        "quantity": 149,
        "unit_price": 2064
    },
    {
        "order_id": 40,
        "item_id": 6,
        "product_id": 273,
        "quantity": 82,
        "unit_price": 443
    },
    {
        "order_id": 40,
        "item_id": 7,
        "product_id": 258,
        "quantity": 99,
        "unit_price": 57
    },
    {
        "order_id": 40,
        "item_id": 8,
        "product_id": 31,
        "quantity": 30,
        "unit_price": 443
    },
    {
        "order_id": 40,
        "item_id": 9,
        "product_id": 170,
        "quantity": 31,
        "unit_price": 383
    },
    {
        "order_id": 40,
        "item_id": 10,
        "product_id": 215,
        "quantity": 36,
        "unit_price": 829
    },
    {
        "order_id": 40,
        "item_id": 11,
        "product_id": 184,
        "quantity": 88,
        "unit_price": 999
    },
    {
        "order_id": 41,
        "item_id": 1,
        "product_id": 268,
        "quantity": 80,
        "unit_price": 47
    },
    {
        "order_id": 41,
        "item_id": 2,
        "product_id": 219,
        "quantity": 82,
        "unit_price": 1299
    },
    {
        "order_id": 41,
        "item_id": 3,
        "product_id": 69,
        "quantity": 86,
        "unit_price": 678
    },
    {
        "order_id": 41,
        "item_id": 4,
        "product_id": 258,
        "quantity": 49,
        "unit_price": 57
    },
    {
        "order_id": 41,
        "item_id": 5,
        "product_id": 179,
        "quantity": 83,
        "unit_price": 312
    },
    {
        "order_id": 41,
        "item_id": 6,
        "product_id": 287,
        "quantity": 112,
        "unit_price": 329
    },
    {
        "order_id": 41,
        "item_id": 7,
        "product_id": 25,
        "quantity": 101,
        "unit_price": 104
    },
    {
        "order_id": 41,
        "item_id": 8,
        "product_id": 21,
        "quantity": 31,
        "unit_price": 749
    },
    {
        "order_id": 41,
        "item_id": 9,
        "product_id": 55,
        "quantity": 61,
        "unit_price": 150
    },
    {
        "order_id": 42,
        "item_id": 1,
        "product_id": 34,
        "quantity": 45,
        "unit_price": 417
    },
    {
        "order_id": 42,
        "item_id": 2,
        "product_id": 10,
        "quantity": 147,
        "unit_price": 811
    },
    {
        "order_id": 42,
        "item_id": 3,
        "product_id": 249,
        "quantity": 76,
        "unit_price": 2660
    },
    {
        "order_id": 42,
        "item_id": 4,
        "product_id": 213,
        "quantity": 103,
        "unit_price": 1469
    },
    {
        "order_id": 42,
        "item_id": 5,
        "product_id": 252,
        "quantity": 85,
        "unit_price": 499
    },
    {
        "order_id": 42,
        "item_id": 6,
        "product_id": 78,
        "quantity": 47,
        "unit_price": 686
    },
    {
        "order_id": 42,
        "item_id": 7,
        "product_id": 139,
        "quantity": 149,
        "unit_price": 65
    },
    {
        "order_id": 43,
        "item_id": 1,
        "product_id": 67,
        "quantity": 74,
        "unit_price": 863
    },
    {
        "order_id": 43,
        "item_id": 2,
        "product_id": 287,
        "quantity": 66,
        "unit_price": 329
    },
    {
        "order_id": 43,
        "item_id": 3,
        "product_id": 110,
        "quantity": 94,
        "unit_price": 3192
    },
    {
        "order_id": 43,
        "item_id": 4,
        "product_id": 105,
        "quantity": 86,
        "unit_price": 2799
    },
    {
        "order_id": 43,
        "item_id": 5,
        "product_id": 86,
        "quantity": 114,
        "unit_price": 804
    },
    {
        "order_id": 43,
        "item_id": 6,
        "product_id": 235,
        "quantity": 86,
        "unit_price": 41
    },
    {
        "order_id": 43,
        "item_id": 7,
        "product_id": 1,
        "quantity": 57,
        "unit_price": 640
    },
    {
        "order_id": 43,
        "item_id": 8,
        "product_id": 169,
        "quantity": 73,
        "unit_price": 1844
    },
    {
        "order_id": 44,
        "item_id": 1,
        "product_id": 220,
        "quantity": 118,
        "unit_price": 759
    },
    {
        "order_id": 44,
        "item_id": 2,
        "product_id": 215,
        "quantity": 148,
        "unit_price": 829
    },
    {
        "order_id": 44,
        "item_id": 3,
        "product_id": 271,
        "quantity": 37,
        "unit_price": 549
    },
    {
        "order_id": 44,
        "item_id": 4,
        "product_id": 158,
        "quantity": 100,
        "unit_price": 2009
    },
    {
        "order_id": 45,
        "item_id": 1,
        "product_id": 74,
        "quantity": 43,
        "unit_price": 701
    },
    {
        "order_id": 45,
        "item_id": 2,
        "product_id": 66,
        "quantity": 126,
        "unit_price": 399
    },
    {
        "order_id": 45,
        "item_id": 3,
        "product_id": 68,
        "quantity": 88,
        "unit_price": 766
    },
    {
        "order_id": 46,
        "item_id": 1,
        "product_id": 120,
        "quantity": 51,
        "unit_price": 892
    },
    {
        "order_id": 46,
        "item_id": 2,
        "product_id": 4,
        "quantity": 112,
        "unit_price": 2699
    },
    {
        "order_id": 46,
        "item_id": 3,
        "product_id": 187,
        "quantity": 86,
        "unit_price": 353
    },
    {
        "order_id": 46,
        "item_id": 4,
        "product_id": 264,
        "quantity": 104,
        "unit_price": 88
    },
    {
        "order_id": 46,
        "item_id": 5,
        "product_id": 181,
        "quantity": 94,
        "unit_price": 999
    },
    {
        "order_id": 46,
        "item_id": 6,
        "product_id": 60,
        "quantity": 80,
        "unit_price": 59
    },
    {
        "order_id": 46,
        "item_id": 7,
        "product_id": 155,
        "quantity": 114,
        "unit_price": 588
    },
    {
        "order_id": 46,
        "item_id": 8,
        "product_id": 123,
        "quantity": 116,
        "unit_price": 3177
    },
    {
        "order_id": 46,
        "item_id": 9,
        "product_id": 2,
        "quantity": 65,
        "unit_price": 2554
    },
    {
        "order_id": 46,
        "item_id": 10,
        "product_id": 214,
        "quantity": 91,
        "unit_price": 1009
    },
    {
        "order_id": 46,
        "item_id": 11,
        "product_id": 89,
        "quantity": 119,
        "unit_price": 749
    },
    {
        "order_id": 47,
        "item_id": 1,
        "product_id": 178,
        "quantity": 73,
        "unit_price": 1999
    },
    {
        "order_id": 47,
        "item_id": 2,
        "product_id": 55,
        "quantity": 107,
        "unit_price": 150
    },
    {
        "order_id": 47,
        "item_id": 3,
        "product_id": 65,
        "quantity": 99,
        "unit_price": 1199
    },
    {
        "order_id": 47,
        "item_id": 4,
        "product_id": 33,
        "quantity": 98,
        "unit_price": 52
    },
    {
        "order_id": 47,
        "item_id": 5,
        "product_id": 149,
        "quantity": 123,
        "unit_price": 282
    },
    {
        "order_id": 48,
        "item_id": 1,
        "product_id": 165,
        "quantity": 46,
        "unit_price": 1666
    },
    {
        "order_id": 48,
        "item_id": 2,
        "product_id": 158,
        "quantity": 98,
        "unit_price": 2009
    },
    {
        "order_id": 49,
        "item_id": 1,
        "product_id": 172,
        "quantity": 104,
        "unit_price": 358
    },
    {
        "order_id": 50,
        "item_id": 1,
        "product_id": 215,
        "quantity": 49,
        "unit_price": 829
    },
    {
        "order_id": 51,
        "item_id": 1,
        "product_id": 21,
        "quantity": 34,
        "unit_price": 749
    },
    {
        "order_id": 51,
        "item_id": 2,
        "product_id": 7,
        "quantity": 64,
        "unit_price": 680
    },
    {
        "order_id": 52,
        "item_id": 1,
        "product_id": 235,
        "quantity": 123,
        "unit_price": 41
    },
    {
        "order_id": 53,
        "item_id": 1,
        "product_id": 100,
        "quantity": 130,
        "unit_price": 97
    },
    {
        "order_id": 53,
        "item_id": 2,
        "product_id": 168,
        "quantity": 89,
        "unit_price": 43
    },
    {
        "order_id": 53,
        "item_id": 3,
        "product_id": 9,
        "quantity": 106,
        "unit_price": 899
    },
    {
        "order_id": 53,
        "item_id": 4,
        "product_id": 177,
        "quantity": 96,
        "unit_price": 1759
    },
    {
        "order_id": 54,
        "item_id": 1,
        "product_id": 208,
        "quantity": 73,
        "unit_price": 1199
    },
    {
        "order_id": 54,
        "item_id": 2,
        "product_id": 4,
        "quantity": 136,
        "unit_price": 2699
    },
    {
        "order_id": 54,
        "item_id": 3,
        "product_id": 68,
        "quantity": 134,
        "unit_price": 766
    },
    {
        "order_id": 55,
        "item_id": 1,
        "product_id": 102,
        "quantity": 127,
        "unit_price": 2042
    },
    {
        "order_id": 55,
        "item_id": 2,
        "product_id": 32,
        "quantity": 70,
        "unit_price": 469
    },
    {
        "order_id": 55,
        "item_id": 3,
        "product_id": 260,
        "quantity": 79,
        "unit_price": 267
    },
    {
        "order_id": 56,
        "item_id": 1,
        "product_id": 84,
        "quantity": 70,
        "unit_price": 440
    },
    {
        "order_id": 57,
        "item_id": 1,
        "product_id": 224,
        "quantity": 75,
        "unit_price": 349
    },
    {
        "order_id": 57,
        "item_id": 2,
        "product_id": 177,
        "quantity": 110,
        "unit_price": 1759
    },
    {
        "order_id": 57,
        "item_id": 3,
        "product_id": 238,
        "quantity": 122,
        "unit_price": 741
    },
    {
        "order_id": 57,
        "item_id": 4,
        "product_id": 164,
        "quantity": 114,
        "unit_price": 1850
    },
    {
        "order_id": 57,
        "item_id": 5,
        "product_id": 132,
        "quantity": 77,
        "unit_price": 554
    },
    {
        "order_id": 57,
        "item_id": 6,
        "product_id": 164,
        "quantity": 44,
        "unit_price": 1850
    },
    {
        "order_id": 58,
        "item_id": 1,
        "product_id": 64,
        "quantity": 55,
        "unit_price": 525
    },
    {
        "order_id": 58,
        "item_id": 2,
        "product_id": 120,
        "quantity": 32,
        "unit_price": 892
    },
    {
        "order_id": 58,
        "item_id": 3,
        "product_id": 113,
        "quantity": 73,
        "unit_price": 704
    },
    {
        "order_id": 58,
        "item_id": 4,
        "product_id": 186,
        "quantity": 70,
        "unit_price": 1449
    },
    {
        "order_id": 58,
        "item_id": 5,
        "product_id": 62,
        "quantity": 143,
        "unit_price": 789
    },
    {
        "order_id": 58,
        "item_id": 6,
        "product_id": 213,
        "quantity": 77,
        "unit_price": 1469
    },
    {
        "order_id": 58,
        "item_id": 7,
        "product_id": 108,
        "quantity": 49,
        "unit_price": 849
    },
    {
        "order_id": 58,
        "item_id": 8,
        "product_id": 157,
        "quantity": 65,
        "unit_price": 388
    },
    {
        "order_id": 58,
        "item_id": 9,
        "product_id": 136,
        "quantity": 134,
        "unit_price": 826
    },
    {
        "order_id": 58,
        "item_id": 10,
        "product_id": 163,
        "quantity": 31,
        "unit_price": 1899
    },
    {
        "order_id": 58,
        "item_id": 11,
        "product_id": 152,
        "quantity": 51,
        "unit_price": 280
    },
    {
        "order_id": 58,
        "item_id": 12,
        "product_id": 62,
        "quantity": 148,
        "unit_price": 789
    },
    {
        "order_id": 59,
        "item_id": 1,
        "product_id": 178,
        "quantity": 101,
        "unit_price": 1999
    },
    {
        "order_id": 59,
        "item_id": 2,
        "product_id": 166,
        "quantity": 34,
        "unit_price": 1638
    },
    {
        "order_id": 59,
        "item_id": 3,
        "product_id": 118,
        "quantity": 105,
        "unit_price": 699
    },
    {
        "order_id": 59,
        "item_id": 4,
        "product_id": 47,
        "quantity": 138,
        "unit_price": 2377
    },
    {
        "order_id": 59,
        "item_id": 5,
        "product_id": 203,
        "quantity": 117,
        "unit_price": 671
    },
    {
        "order_id": 59,
        "item_id": 6,
        "product_id": 154,
        "quantity": 126,
        "unit_price": 1204
    },
    {
        "order_id": 59,
        "item_id": 7,
        "product_id": 152,
        "quantity": 82,
        "unit_price": 280
    },
    {
        "order_id": 59,
        "item_id": 8,
        "product_id": 287,
        "quantity": 96,
        "unit_price": 329
    },
    {
        "order_id": 59,
        "item_id": 9,
        "product_id": 154,
        "quantity": 82,
        "unit_price": 1204
    },
    {
        "order_id": 60,
        "item_id": 1,
        "product_id": 205,
        "quantity": 74,
        "unit_price": 649
    },
    {
        "order_id": 60,
        "item_id": 2,
        "product_id": 13,
        "quantity": 138,
        "unit_price": 704
    },
    {
        "order_id": 60,
        "item_id": 3,
        "product_id": 272,
        "quantity": 144,
        "unit_price": 1073
    },
    {
        "order_id": 60,
        "item_id": 4,
        "product_id": 92,
        "quantity": 125,
        "unit_price": 2200
    },
    {
        "order_id": 60,
        "item_id": 5,
        "product_id": 278,
        "quantity": 114,
        "unit_price": 677
    },
    {
        "order_id": 60,
        "item_id": 6,
        "product_id": 51,
        "quantity": 79,
        "unit_price": 2269
    },
    {
        "order_id": 60,
        "item_id": 7,
        "product_id": 189,
        "quantity": 146,
        "unit_price": 649
    },
    {
        "order_id": 61,
        "item_id": 1,
        "product_id": 174,
        "quantity": 114,
        "unit_price": 798
    },
    {
        "order_id": 61,
        "item_id": 2,
        "product_id": 56,
        "quantity": 75,
        "unit_price": 16
    },
    {
        "order_id": 61,
        "item_id": 3,
        "product_id": 146,
        "quantity": 59,
        "unit_price": 283
    },
    {
        "order_id": 61,
        "item_id": 4,
        "product_id": 34,
        "quantity": 71,
        "unit_price": 417
    },
    {
        "order_id": 61,
        "item_id": 5,
        "product_id": 15,
        "quantity": 32,
        "unit_price": 725
    },
    {
        "order_id": 61,
        "item_id": 6,
        "product_id": 5,
        "quantity": 50,
        "unit_price": 2290
    },
    {
        "order_id": 61,
        "item_id": 7,
        "product_id": 52,
        "quantity": 45,
        "unit_price": 1676
    },
    {
        "order_id": 62,
        "item_id": 1,
        "product_id": 188,
        "quantity": 130,
        "unit_price": 482
    },
    {
        "order_id": 63,
        "item_id": 1,
        "product_id": 70,
        "quantity": 72,
        "unit_price": 710
    },
    {
        "order_id": 63,
        "item_id": 2,
        "product_id": 54,
        "quantity": 47,
        "unit_price": 1019
    },
    {
        "order_id": 64,
        "item_id": 1,
        "product_id": 199,
        "quantity": 61,
        "unit_price": 647
    },
    {
        "order_id": 64,
        "item_id": 2,
        "product_id": 126,
        "quantity": 52,
        "unit_price": 640
    },
    {
        "order_id": 65,
        "item_id": 1,
        "product_id": 280,
        "quantity": 104,
        "unit_price": 149
    },
    {
        "order_id": 65,
        "item_id": 2,
        "product_id": 113,
        "quantity": 83,
        "unit_price": 704
    },
    {
        "order_id": 65,
        "item_id": 3,
        "product_id": 116,
        "quantity": 35,
        "unit_price": 731
    },
    {
        "order_id": 65,
        "item_id": 4,
        "product_id": 248,
        "quantity": 42,
        "unit_price": 2774
    },
    {
        "order_id": 65,
        "item_id": 5,
        "product_id": 119,
        "quantity": 141,
        "unit_price": 899
    },
    {
        "order_id": 65,
        "item_id": 6,
        "product_id": 262,
        "quantity": 118,
        "unit_price": 1449
    },
    {
        "order_id": 66,
        "item_id": 1,
        "product_id": 77,
        "quantity": 143,
        "unit_price": 695
    },
    {
        "order_id": 66,
        "item_id": 2,
        "product_id": 218,
        "quantity": 40,
        "unit_price": 1388
    },
    {
        "order_id": 66,
        "item_id": 3,
        "product_id": 286,
        "quantity": 35,
        "unit_price": 234
    },
    {
        "order_id": 66,
        "item_id": 4,
        "product_id": 103,
        "quantity": 88,
        "unit_price": 809
    },
    {
        "order_id": 66,
        "item_id": 5,
        "product_id": 174,
        "quantity": 66,
        "unit_price": 798
    },
    {
        "order_id": 66,
        "item_id": 6,
        "product_id": 97,
        "quantity": 130,
        "unit_price": 59
    },
    {
        "order_id": 66,
        "item_id": 7,
        "product_id": 49,
        "quantity": 78,
        "unit_price": 1499
    },
    {
        "order_id": 66,
        "item_id": 8,
        "product_id": 75,
        "quantity": 122,
        "unit_price": 624
    },
    {
        "order_id": 66,
        "item_id": 9,
        "product_id": 279,
        "quantity": 90,
        "unit_price": 1318
    },
    {
        "order_id": 67,
        "item_id": 1,
        "product_id": 287,
        "quantity": 61,
        "unit_price": 329
    },
    {
        "order_id": 67,
        "item_id": 2,
        "product_id": 144,
        "quantity": 121,
        "unit_price": 289
    },
    {
        "order_id": 67,
        "item_id": 3,
        "product_id": 167,
        "quantity": 94,
        "unit_price": 1010
    },
    {
        "order_id": 67,
        "item_id": 4,
        "product_id": 109,
        "quantity": 117,
        "unit_price": 713
    },
    {
        "order_id": 67,
        "item_id": 5,
        "product_id": 80,
        "quantity": 129,
        "unit_price": 564
    },
    {
        "order_id": 67,
        "item_id": 6,
        "product_id": 108,
        "quantity": 82,
        "unit_price": 849
    },
    {
        "order_id": 67,
        "item_id": 7,
        "product_id": 78,
        "quantity": 124,
        "unit_price": 686
    },
    {
        "order_id": 67,
        "item_id": 8,
        "product_id": 247,
        "quantity": 39,
        "unit_price": 339
    },
    {
        "order_id": 67,
        "item_id": 9,
        "product_id": 91,
        "quantity": 138,
        "unit_price": 2259
    },
    {
        "order_id": 67,
        "item_id": 10,
        "product_id": 239,
        "quantity": 45,
        "unit_price": 739
    },
    {
        "order_id": 68,
        "item_id": 1,
        "product_id": 163,
        "quantity": 98,
        "unit_price": 1899
    },
    {
        "order_id": 68,
        "item_id": 2,
        "product_id": 248,
        "quantity": 42,
        "unit_price": 2774
    },
    {
        "order_id": 68,
        "item_id": 3,
        "product_id": 183,
        "quantity": 50,
        "unit_price": 899
    },
    {
        "order_id": 68,
        "item_id": 4,
        "product_id": 163,
        "quantity": 125,
        "unit_price": 1899
    },
    {
        "order_id": 68,
        "item_id": 5,
        "product_id": 108,
        "quantity": 150,
        "unit_price": 849
    },
    {
        "order_id": 68,
        "item_id": 6,
        "product_id": 13,
        "quantity": 141,
        "unit_price": 704
    },
    {
        "order_id": 68,
        "item_id": 7,
        "product_id": 189,
        "quantity": 139,
        "unit_price": 649
    },
    {
        "order_id": 68,
        "item_id": 8,
        "product_id": 204,
        "quantity": 56,
        "unit_price": 686
    },
    {
        "order_id": 68,
        "item_id": 9,
        "product_id": 177,
        "quantity": 84,
        "unit_price": 1759
    },
    {
        "order_id": 69,
        "item_id": 1,
        "product_id": 206,
        "quantity": 57,
        "unit_price": 4139
    },
    {
        "order_id": 69,
        "item_id": 2,
        "product_id": 71,
        "quantity": 66,
        "unit_price": 660
    },
    {
        "order_id": 69,
        "item_id": 3,
        "product_id": 253,
        "quantity": 112,
        "unit_price": 579
    },
    {
        "order_id": 69,
        "item_id": 4,
        "product_id": 82,
        "quantity": 58,
        "unit_price": 1499
    },
    {
        "order_id": 69,
        "item_id": 5,
        "product_id": 278,
        "quantity": 71,
        "unit_price": 677
    },
    {
        "order_id": 69,
        "item_id": 6,
        "product_id": 3,
        "quantity": 46,
        "unit_price": 799
    },
    {
        "order_id": 69,
        "item_id": 7,
        "product_id": 79,
        "quantity": 49,
        "unit_price": 659
    },
    {
        "order_id": 69,
        "item_id": 8,
        "product_id": 169,
        "quantity": 67,
        "unit_price": 1844
    },
    {
        "order_id": 69,
        "item_id": 9,
        "product_id": 261,
        "quantity": 55,
        "unit_price": 1504
    },
    {
        "order_id": 70,
        "item_id": 1,
        "product_id": 185,
        "quantity": 146,
        "unit_price": 873
    },
    {
        "order_id": 70,
        "item_id": 2,
        "product_id": 83,
        "quantity": 52,
        "unit_price": 829
    },
    {
        "order_id": 70,
        "item_id": 3,
        "product_id": 102,
        "quantity": 84,
        "unit_price": 2042
    },
    {
        "order_id": 70,
        "item_id": 4,
        "product_id": 82,
        "quantity": 139,
        "unit_price": 1499
    },
    {
        "order_id": 70,
        "item_id": 5,
        "product_id": 124,
        "quantity": 106,
        "unit_price": 594
    },
    {
        "order_id": 70,
        "item_id": 6,
        "product_id": 50,
        "quantity": 68,
        "unit_price": 8867
    },
    {
        "order_id": 70,
        "item_id": 7,
        "product_id": 32,
        "quantity": 132,
        "unit_price": 469
    },
    {
        "order_id": 71,
        "item_id": 1,
        "product_id": 19,
        "quantity": 146,
        "unit_price": 1704
    },
    {
        "order_id": 71,
        "item_id": 2,
        "product_id": 241,
        "quantity": 38,
        "unit_price": 1756
    },
    {
        "order_id": 71,
        "item_id": 3,
        "product_id": 195,
        "quantity": 75,
        "unit_price": 1055
    },
    {
        "order_id": 72,
        "item_id": 1,
        "product_id": 129,
        "quantity": 101,
        "unit_price": 734
    },
    {
        "order_id": 72,
        "item_id": 2,
        "product_id": 211,
        "quantity": 123,
        "unit_price": 1064
    },
    {
        "order_id": 72,
        "item_id": 3,
        "product_id": 273,
        "quantity": 145,
        "unit_price": 443
    },
    {
        "order_id": 73,
        "item_id": 1,
        "product_id": 245,
        "quantity": 120,
        "unit_price": 1699
    },
    {
        "order_id": 73,
        "item_id": 2,
        "product_id": 35,
        "quantity": 130,
        "unit_price": 1314
    },
    {
        "order_id": 73,
        "item_id": 3,
        "product_id": 31,
        "quantity": 102,
        "unit_price": 443
    },
    {
        "order_id": 73,
        "item_id": 4,
        "product_id": 45,
        "quantity": 54,
        "unit_price": 2501
    },
    {
        "order_id": 73,
        "item_id": 5,
        "product_id": 192,
        "quantity": 124,
        "unit_price": 519
    },
    {
        "order_id": 74,
        "item_id": 1,
        "product_id": 104,
        "quantity": 97,
        "unit_price": 83
    },
    {
        "order_id": 74,
        "item_id": 2,
        "product_id": 250,
        "quantity": 86,
        "unit_price": 338
    },
    {
        "order_id": 74,
        "item_id": 3,
        "product_id": 242,
        "quantity": 61,
        "unit_price": 1751
    },
    {
        "order_id": 74,
        "item_id": 4,
        "product_id": 106,
        "quantity": 82,
        "unit_price": 608
    },
    {
        "order_id": 74,
        "item_id": 5,
        "product_id": 3,
        "quantity": 101,
        "unit_price": 799
    },
    {
        "order_id": 74,
        "item_id": 6,
        "product_id": 187,
        "quantity": 137,
        "unit_price": 353
    },
    {
        "order_id": 74,
        "item_id": 7,
        "product_id": 27,
        "quantity": 92,
        "unit_price": 800
    },
    {
        "order_id": 75,
        "item_id": 1,
        "product_id": 58,
        "quantity": 73,
        "unit_price": 784
    },
    {
        "order_id": 75,
        "item_id": 2,
        "product_id": 187,
        "quantity": 74,
        "unit_price": 353
    },
    {
        "order_id": 75,
        "item_id": 3,
        "product_id": 33,
        "quantity": 143,
        "unit_price": 52
    },
    {
        "order_id": 75,
        "item_id": 4,
        "product_id": 142,
        "quantity": 115,
        "unit_price": 2998
    },
    {
        "order_id": 75,
        "item_id": 5,
        "product_id": 192,
        "quantity": 37,
        "unit_price": 519
    },
    {
        "order_id": 75,
        "item_id": 6,
        "product_id": 95,
        "quantity": 81,
        "unit_price": 109
    },
    {
        "order_id": 75,
        "item_id": 7,
        "product_id": 106,
        "quantity": 74,
        "unit_price": 608
    },
    {
        "order_id": 75,
        "item_id": 8,
        "product_id": 24,
        "quantity": 82,
        "unit_price": 66
    },
    {
        "order_id": 75,
        "item_id": 9,
        "product_id": 20,
        "quantity": 34,
        "unit_price": 719
    },
    {
        "order_id": 75,
        "item_id": 10,
        "product_id": 72,
        "quantity": 86,
        "unit_price": 589
    },
    {
        "order_id": 75,
        "item_id": 11,
        "product_id": 6,
        "quantity": 128,
        "unit_price": 849
    },
    {
        "order_id": 76,
        "item_id": 1,
        "product_id": 109,
        "quantity": 92,
        "unit_price": 713
    },
    {
        "order_id": 76,
        "item_id": 2,
        "product_id": 177,
        "quantity": 98,
        "unit_price": 1759
    },
    {
        "order_id": 76,
        "item_id": 3,
        "product_id": 163,
        "quantity": 134,
        "unit_price": 1899
    },
    {
        "order_id": 76,
        "item_id": 4,
        "product_id": 272,
        "quantity": 56,
        "unit_price": 1073
    },
    {
        "order_id": 76,
        "item_id": 5,
        "product_id": 89,
        "quantity": 133,
        "unit_price": 749
    },
    {
        "order_id": 76,
        "item_id": 6,
        "product_id": 167,
        "quantity": 46,
        "unit_price": 1010
    },
    {
        "order_id": 76,
        "item_id": 7,
        "product_id": 196,
        "quantity": 125,
        "unit_price": 1099
    },
    {
        "order_id": 76,
        "item_id": 8,
        "product_id": 201,
        "quantity": 91,
        "unit_price": 653
    },
    {
        "order_id": 76,
        "item_id": 9,
        "product_id": 155,
        "quantity": 78,
        "unit_price": 588
    },
    {
        "order_id": 76,
        "item_id": 10,
        "product_id": 95,
        "quantity": 106,
        "unit_price": 109
    },
    {
        "order_id": 77,
        "item_id": 1,
        "product_id": 203,
        "quantity": 65,
        "unit_price": 671
    },
    {
        "order_id": 77,
        "item_id": 2,
        "product_id": 168,
        "quantity": 136,
        "unit_price": 43
    },
    {
        "order_id": 77,
        "item_id": 3,
        "product_id": 218,
        "quantity": 143,
        "unit_price": 1388
    },
    {
        "order_id": 77,
        "item_id": 4,
        "product_id": 2,
        "quantity": 99,
        "unit_price": 2554
    },
    {
        "order_id": 77,
        "item_id": 5,
        "product_id": 271,
        "quantity": 148,
        "unit_price": 549
    },
    {
        "order_id": 78,
        "item_id": 1,
        "product_id": 92,
        "quantity": 147,
        "unit_price": 2200
    },
    {
        "order_id": 78,
        "item_id": 2,
        "product_id": 169,
        "quantity": 50,
        "unit_price": 1844
    },
    {
        "order_id": 78,
        "item_id": 3,
        "product_id": 125,
        "quantity": 119,
        "unit_price": 768
    },
    {
        "order_id": 78,
        "item_id": 4,
        "product_id": 200,
        "quantity": 87,
        "unit_price": 620
    },
    {
        "order_id": 78,
        "item_id": 5,
        "product_id": 181,
        "quantity": 37,
        "unit_price": 999
    },
    {
        "order_id": 78,
        "item_id": 6,
        "product_id": 206,
        "quantity": 145,
        "unit_price": 4139
    },
    {
        "order_id": 79,
        "item_id": 1,
        "product_id": 285,
        "quantity": 145,
        "unit_price": 339
    },
    {
        "order_id": 79,
        "item_id": 2,
        "product_id": 265,
        "quantity": 53,
        "unit_price": 1431
    },
    {
        "order_id": 79,
        "item_id": 3,
        "product_id": 204,
        "quantity": 138,
        "unit_price": 686
    },
    {
        "order_id": 79,
        "item_id": 4,
        "product_id": 63,
        "quantity": 146,
        "unit_price": 572
    },
    {
        "order_id": 80,
        "item_id": 1,
        "product_id": 213,
        "quantity": 63,
        "unit_price": 1469
    },
    {
        "order_id": 81,
        "item_id": 1,
        "product_id": 128,
        "quantity": 133,
        "unit_price": 741
    },
    {
        "order_id": 81,
        "item_id": 2,
        "product_id": 241,
        "quantity": 134,
        "unit_price": 1756
    },
    {
        "order_id": 81,
        "item_id": 3,
        "product_id": 69,
        "quantity": 104,
        "unit_price": 678
    },
    {
        "order_id": 81,
        "item_id": 4,
        "product_id": 49,
        "quantity": 83,
        "unit_price": 1499
    },
    {
        "order_id": 81,
        "item_id": 5,
        "product_id": 55,
        "quantity": 144,
        "unit_price": 150
    },
    {
        "order_id": 81,
        "item_id": 6,
        "product_id": 65,
        "quantity": 61,
        "unit_price": 1199
    },
    {
        "order_id": 81,
        "item_id": 7,
        "product_id": 79,
        "quantity": 127,
        "unit_price": 659
    },
    {
        "order_id": 82,
        "item_id": 1,
        "product_id": 91,
        "quantity": 42,
        "unit_price": 2259
    },
    {
        "order_id": 82,
        "item_id": 2,
        "product_id": 107,
        "quantity": 71,
        "unit_price": 644
    },
    {
        "order_id": 82,
        "item_id": 3,
        "product_id": 254,
        "quantity": 121,
        "unit_price": 119
    },
    {
        "order_id": 82,
        "item_id": 4,
        "product_id": 157,
        "quantity": 113,
        "unit_price": 388
    },
    {
        "order_id": 82,
        "item_id": 5,
        "product_id": 48,
        "quantity": 59,
        "unit_price": 1218
    },
    {
        "order_id": 82,
        "item_id": 6,
        "product_id": 180,
        "quantity": 56,
        "unit_price": 279
    },
    {
        "order_id": 82,
        "item_id": 7,
        "product_id": 70,
        "quantity": 31,
        "unit_price": 710
    },
    {
        "order_id": 82,
        "item_id": 8,
        "product_id": 213,
        "quantity": 56,
        "unit_price": 1469
    },
    {
        "order_id": 82,
        "item_id": 9,
        "product_id": 284,
        "quantity": 138,
        "unit_price": 54
    },
    {
        "order_id": 83,
        "item_id": 1,
        "product_id": 264,
        "quantity": 35,
        "unit_price": 88
    },
    {
        "order_id": 83,
        "item_id": 2,
        "product_id": 196,
        "quantity": 54,
        "unit_price": 1099
    },
    {
        "order_id": 83,
        "item_id": 3,
        "product_id": 116,
        "quantity": 76,
        "unit_price": 731
    },
    {
        "order_id": 83,
        "item_id": 4,
        "product_id": 261,
        "quantity": 106,
        "unit_price": 1504
    },
    {
        "order_id": 83,
        "item_id": 5,
        "product_id": 101,
        "quantity": 122,
        "unit_price": 635
    },
    {
        "order_id": 83,
        "item_id": 6,
        "product_id": 233,
        "quantity": 86,
        "unit_price": 59
    },
    {
        "order_id": 83,
        "item_id": 7,
        "product_id": 18,
        "quantity": 49,
        "unit_price": 799
    },
    {
        "order_id": 83,
        "item_id": 8,
        "product_id": 174,
        "quantity": 117,
        "unit_price": 798
    },
    {
        "order_id": 84,
        "item_id": 1,
        "product_id": 106,
        "quantity": 137,
        "unit_price": 608
    },
    {
        "order_id": 84,
        "item_id": 2,
        "product_id": 199,
        "quantity": 137,
        "unit_price": 647
    },
    {
        "order_id": 84,
        "item_id": 3,
        "product_id": 269,
        "quantity": 147,
        "unit_price": 759
    },
    {
        "order_id": 84,
        "item_id": 4,
        "product_id": 95,
        "quantity": 36,
        "unit_price": 109
    },
    {
        "order_id": 84,
        "item_id": 5,
        "product_id": 87,
        "quantity": 119,
        "unit_price": 759
    },
    {
        "order_id": 84,
        "item_id": 6,
        "product_id": 131,
        "quantity": 34,
        "unit_price": 279
    },
    {
        "order_id": 85,
        "item_id": 1,
        "product_id": 155,
        "quantity": 114,
        "unit_price": 588
    },
    {
        "order_id": 85,
        "item_id": 2,
        "product_id": 230,
        "quantity": 35,
        "unit_price": 136
    },
    {
        "order_id": 86,
        "item_id": 1,
        "product_id": 202,
        "quantity": 46,
        "unit_price": 713
    },
    {
        "order_id": 86,
        "item_id": 2,
        "product_id": 156,
        "quantity": 47,
        "unit_price": 394
    },
    {
        "order_id": 86,
        "item_id": 3,
        "product_id": 287,
        "quantity": 45,
        "unit_price": 329
    },
    {
        "order_id": 86,
        "item_id": 4,
        "product_id": 121,
        "quantity": 76,
        "unit_price": 721
    },
    {
        "order_id": 87,
        "item_id": 1,
        "product_id": 47,
        "quantity": 123,
        "unit_price": 2377
    },
    {
        "order_id": 87,
        "item_id": 2,
        "product_id": 233,
        "quantity": 96,
        "unit_price": 59
    },
    {
        "order_id": 87,
        "item_id": 3,
        "product_id": 130,
        "quantity": 119,
        "unit_price": 117
    },
    {
        "order_id": 87,
        "item_id": 4,
        "product_id": 127,
        "quantity": 59,
        "unit_price": 719
    },
    {
        "order_id": 87,
        "item_id": 5,
        "product_id": 265,
        "quantity": 74,
        "unit_price": 1431
    },
    {
        "order_id": 87,
        "item_id": 6,
        "product_id": 174,
        "quantity": 84,
        "unit_price": 798
    },
    {
        "order_id": 87,
        "item_id": 7,
        "product_id": 7,
        "quantity": 66,
        "unit_price": 680
    },
    {
        "order_id": 87,
        "item_id": 8,
        "product_id": 257,
        "quantity": 110,
        "unit_price": 84
    },
    {
        "order_id": 87,
        "item_id": 9,
        "product_id": 121,
        "quantity": 142,
        "unit_price": 721
    },
    {
        "order_id": 87,
        "item_id": 10,
        "product_id": 76,
        "quantity": 96,
        "unit_price": 629
    },
    {
        "order_id": 87,
        "item_id": 11,
        "product_id": 271,
        "quantity": 58,
        "unit_price": 549
    },
    {
        "order_id": 88,
        "item_id": 1,
        "product_id": 278,
        "quantity": 139,
        "unit_price": 677
    },
    {
        "order_id": 88,
        "item_id": 2,
        "product_id": 11,
        "quantity": 106,
        "unit_price": 2015
    },
    {
        "order_id": 89,
        "item_id": 1,
        "product_id": 247,
        "quantity": 45,
        "unit_price": 339
    },
    {
        "order_id": 89,
        "item_id": 2,
        "product_id": 102,
        "quantity": 84,
        "unit_price": 2042
    },
    {
        "order_id": 89,
        "item_id": 3,
        "product_id": 224,
        "quantity": 89,
        "unit_price": 349
    },
    {
        "order_id": 89,
        "item_id": 4,
        "product_id": 253,
        "quantity": 126,
        "unit_price": 579
    },
    {
        "order_id": 89,
        "item_id": 5,
        "product_id": 44,
        "quantity": 55,
        "unit_price": 49
    },
    {
        "order_id": 89,
        "item_id": 6,
        "product_id": 122,
        "quantity": 140,
        "unit_price": 722
    },
    {
        "order_id": 89,
        "item_id": 7,
        "product_id": 76,
        "quantity": 109,
        "unit_price": 629
    },
    {
        "order_id": 89,
        "item_id": 8,
        "product_id": 151,
        "quantity": 127,
        "unit_price": 281
    },
    {
        "order_id": 90,
        "item_id": 1,
        "product_id": 65,
        "quantity": 84,
        "unit_price": 1199
    },
    {
        "order_id": 90,
        "item_id": 2,
        "product_id": 64,
        "quantity": 60,
        "unit_price": 525
    },
    {
        "order_id": 90,
        "item_id": 3,
        "product_id": 134,
        "quantity": 106,
        "unit_price": 295
    },
    {
        "order_id": 90,
        "item_id": 4,
        "product_id": 93,
        "quantity": 146,
        "unit_price": 2116
    },
    {
        "order_id": 90,
        "item_id": 5,
        "product_id": 73,
        "quantity": 129,
        "unit_price": 799
    },
    {
        "order_id": 90,
        "item_id": 6,
        "product_id": 185,
        "quantity": 147,
        "unit_price": 873
    },
    {
        "order_id": 90,
        "item_id": 7,
        "product_id": 250,
        "quantity": 125,
        "unit_price": 338
    },
    {
        "order_id": 90,
        "item_id": 8,
        "product_id": 92,
        "quantity": 49,
        "unit_price": 2200
    },
    {
        "order_id": 91,
        "item_id": 1,
        "product_id": 122,
        "quantity": 89,
        "unit_price": 722
    },
    {
        "order_id": 91,
        "item_id": 2,
        "product_id": 220,
        "quantity": 127,
        "unit_price": 759
    },
    {
        "order_id": 91,
        "item_id": 3,
        "product_id": 266,
        "quantity": 83,
        "unit_price": 1418
    },
    {
        "order_id": 91,
        "item_id": 4,
        "product_id": 194,
        "quantity": 75,
        "unit_price": 397
    },
    {
        "order_id": 91,
        "item_id": 5,
        "product_id": 272,
        "quantity": 111,
        "unit_price": 1073
    },
    {
        "order_id": 91,
        "item_id": 6,
        "product_id": 123,
        "quantity": 37,
        "unit_price": 3177
    },
    {
        "order_id": 91,
        "item_id": 7,
        "product_id": 118,
        "quantity": 113,
        "unit_price": 699
    },
    {
        "order_id": 91,
        "item_id": 8,
        "product_id": 196,
        "quantity": 102,
        "unit_price": 1099
    },
    {
        "order_id": 91,
        "item_id": 9,
        "product_id": 43,
        "quantity": 44,
        "unit_price": 298
    },
    {
        "order_id": 91,
        "item_id": 10,
        "product_id": 269,
        "quantity": 104,
        "unit_price": 759
    },
    {
        "order_id": 91,
        "item_id": 11,
        "product_id": 226,
        "quantity": 77,
        "unit_price": 309
    },
    {
        "order_id": 92,
        "item_id": 1,
        "product_id": 208,
        "quantity": 114,
        "unit_price": 1199
    },
    {
        "order_id": 92,
        "item_id": 2,
        "product_id": 34,
        "quantity": 126,
        "unit_price": 417
    },
    {
        "order_id": 92,
        "item_id": 3,
        "product_id": 65,
        "quantity": 132,
        "unit_price": 1199
    },
    {
        "order_id": 92,
        "item_id": 4,
        "product_id": 110,
        "quantity": 111,
        "unit_price": 3192
    },
    {
        "order_id": 92,
        "item_id": 5,
        "product_id": 114,
        "quantity": 112,
        "unit_price": 820
    },
    {
        "order_id": 92,
        "item_id": 6,
        "product_id": 164,
        "quantity": 91,
        "unit_price": 1850
    },
    {
        "order_id": 92,
        "item_id": 7,
        "product_id": 108,
        "quantity": 104,
        "unit_price": 849
    },
    {
        "order_id": 93,
        "item_id": 1,
        "product_id": 257,
        "quantity": 70,
        "unit_price": 84
    },
    {
        "order_id": 93,
        "item_id": 2,
        "product_id": 169,
        "quantity": 46,
        "unit_price": 1844
    },
    {
        "order_id": 93,
        "item_id": 3,
        "product_id": 251,
        "quantity": 30,
        "unit_price": 337
    },
    {
        "order_id": 93,
        "item_id": 4,
        "product_id": 43,
        "quantity": 113,
        "unit_price": 298
    },
    {
        "order_id": 93,
        "item_id": 5,
        "product_id": 121,
        "quantity": 141,
        "unit_price": 721
    },
    {
        "order_id": 94,
        "item_id": 1,
        "product_id": 255,
        "quantity": 38,
        "unit_price": 90
    },
    {
        "order_id": 94,
        "item_id": 2,
        "product_id": 186,
        "quantity": 146,
        "unit_price": 1449
    },
    {
        "order_id": 94,
        "item_id": 3,
        "product_id": 218,
        "quantity": 86,
        "unit_price": 1388
    },
    {
        "order_id": 94,
        "item_id": 4,
        "product_id": 80,
        "quantity": 133,
        "unit_price": 564
    },
    {
        "order_id": 94,
        "item_id": 5,
        "product_id": 181,
        "quantity": 143,
        "unit_price": 999
    },
    {
        "order_id": 94,
        "item_id": 6,
        "product_id": 4,
        "quantity": 111,
        "unit_price": 2699
    },
    {
        "order_id": 94,
        "item_id": 7,
        "product_id": 172,
        "quantity": 37,
        "unit_price": 358
    },
    {
        "order_id": 94,
        "item_id": 8,
        "product_id": 258,
        "quantity": 73,
        "unit_price": 57
    },
    {
        "order_id": 94,
        "item_id": 9,
        "product_id": 12,
        "quantity": 33,
        "unit_price": 824
    },
    {
        "order_id": 95,
        "item_id": 1,
        "product_id": 52,
        "quantity": 138,
        "unit_price": 1676
    },
    {
        "order_id": 95,
        "item_id": 2,
        "product_id": 143,
        "quantity": 64,
        "unit_price": 402
    },
    {
        "order_id": 95,
        "item_id": 3,
        "product_id": 271,
        "quantity": 69,
        "unit_price": 549
    },
    {
        "order_id": 95,
        "item_id": 4,
        "product_id": 86,
        "quantity": 123,
        "unit_price": 804
    },
    {
        "order_id": 95,
        "item_id": 5,
        "product_id": 107,
        "quantity": 76,
        "unit_price": 644
    },
    {
        "order_id": 95,
        "item_id": 6,
        "product_id": 71,
        "quantity": 135,
        "unit_price": 660
    },
    {
        "order_id": 96,
        "item_id": 1,
        "product_id": 260,
        "quantity": 34,
        "unit_price": 267
    },
    {
        "order_id": 97,
        "item_id": 1,
        "product_id": 110,
        "quantity": 39,
        "unit_price": 3192
    },
    {
        "order_id": 97,
        "item_id": 2,
        "product_id": 207,
        "quantity": 82,
        "unit_price": 3254
    },
    {
        "order_id": 97,
        "item_id": 3,
        "product_id": 270,
        "quantity": 61,
        "unit_price": 769
    },
    {
        "order_id": 97,
        "item_id": 4,
        "product_id": 33,
        "quantity": 67,
        "unit_price": 52
    },
    {
        "order_id": 97,
        "item_id": 5,
        "product_id": 99,
        "quantity": 48,
        "unit_price": 68
    },
    {
        "order_id": 97,
        "item_id": 6,
        "product_id": 219,
        "quantity": 132,
        "unit_price": 1299
    },
    {
        "order_id": 98,
        "item_id": 1,
        "product_id": 66,
        "quantity": 104,
        "unit_price": 399
    },
    {
        "order_id": 98,
        "item_id": 2,
        "product_id": 48,
        "quantity": 44,
        "unit_price": 1218
    },
    {
        "order_id": 99,
        "item_id": 1,
        "product_id": 95,
        "quantity": 66,
        "unit_price": 109
    },
    {
        "order_id": 99,
        "item_id": 2,
        "product_id": 118,
        "quantity": 37,
        "unit_price": 699
    },
    {
        "order_id": 99,
        "item_id": 3,
        "product_id": 84,
        "quantity": 98,
        "unit_price": 440
    },
    {
        "order_id": 99,
        "item_id": 4,
        "product_id": 36,
        "quantity": 71,
        "unit_price": 1299
    },
    {
        "order_id": 99,
        "item_id": 5,
        "product_id": 200,
        "quantity": 58,
        "unit_price": 620
    },
    {
        "order_id": 99,
        "item_id": 6,
        "product_id": 1,
        "quantity": 43,
        "unit_price": 640
    },
    {
        "order_id": 99,
        "item_id": 7,
        "product_id": 201,
        "quantity": 31,
        "unit_price": 653
    },
    {
        "order_id": 99,
        "item_id": 8,
        "product_id": 102,
        "quantity": 101,
        "unit_price": 2042
    },
    {
        "order_id": 99,
        "item_id": 9,
        "product_id": 17,
        "quantity": 144,
        "unit_price": 699
    },
    {
        "order_id": 100,
        "item_id": 1,
        "product_id": 280,
        "quantity": 70,
        "unit_price": 149
    },
    {
        "order_id": 101,
        "item_id": 1,
        "product_id": 17,
        "quantity": 47,
        "unit_price": 699
    },
    {
        "order_id": 101,
        "item_id": 2,
        "product_id": 113,
        "quantity": 134,
        "unit_price": 704
    },
    {
        "order_id": 101,
        "item_id": 3,
        "product_id": 135,
        "quantity": 134,
        "unit_price": 127
    },
    {
        "order_id": 101,
        "item_id": 4,
        "product_id": 284,
        "quantity": 52,
        "unit_price": 54
    },
    {
        "order_id": 101,
        "item_id": 5,
        "product_id": 150,
        "quantity": 36,
        "unit_price": 281
    },
    {
        "order_id": 101,
        "item_id": 6,
        "product_id": 20,
        "quantity": 138,
        "unit_price": 719
    },
    {
        "order_id": 101,
        "item_id": 7,
        "product_id": 102,
        "quantity": 123,
        "unit_price": 2042
    },
    {
        "order_id": 102,
        "item_id": 1,
        "product_id": 196,
        "quantity": 69,
        "unit_price": 1099
    },
    {
        "order_id": 102,
        "item_id": 2,
        "product_id": 95,
        "quantity": 117,
        "unit_price": 109
    },
    {
        "order_id": 102,
        "item_id": 3,
        "product_id": 247,
        "quantity": 149,
        "unit_price": 339
    },
    {
        "order_id": 103,
        "item_id": 1,
        "product_id": 6,
        "quantity": 117,
        "unit_price": 849
    },
    {
        "order_id": 103,
        "item_id": 2,
        "product_id": 258,
        "quantity": 142,
        "unit_price": 57
    },
    {
        "order_id": 104,
        "item_id": 1,
        "product_id": 129,
        "quantity": 74,
        "unit_price": 734
    },
    {
        "order_id": 104,
        "item_id": 2,
        "product_id": 171,
        "quantity": 90,
        "unit_price": 382
    },
    {
        "order_id": 104,
        "item_id": 3,
        "product_id": 45,
        "quantity": 48,
        "unit_price": 2501
    },
    {
        "order_id": 104,
        "item_id": 4,
        "product_id": 48,
        "quantity": 51,
        "unit_price": 1218
    },
    {
        "order_id": 104,
        "item_id": 5,
        "product_id": 281,
        "quantity": 85,
        "unit_price": 864
    },
    {
        "order_id": 104,
        "item_id": 6,
        "product_id": 51,
        "quantity": 139,
        "unit_price": 2269
    },
    {
        "order_id": 104,
        "item_id": 7,
        "product_id": 178,
        "quantity": 145,
        "unit_price": 1999
    },
    {
        "order_id": 105,
        "item_id": 1,
        "product_id": 31,
        "quantity": 116,
        "unit_price": 443
    },
    {
        "order_id": 105,
        "item_id": 2,
        "product_id": 242,
        "quantity": 67,
        "unit_price": 1751
    },
    {
        "order_id": 105,
        "item_id": 3,
        "product_id": 275,
        "quantity": 45,
        "unit_price": 399
    },
    {
        "order_id": 105,
        "item_id": 4,
        "product_id": 138,
        "quantity": 80,
        "unit_price": 645
    },
    {
        "order_id": 105,
        "item_id": 5,
        "product_id": 103,
        "quantity": 77,
        "unit_price": 809
    },
    {
        "order_id": 105,
        "item_id": 6,
        "product_id": 183,
        "quantity": 79,
        "unit_price": 899
    }
]