location_id,address,postal_code,city,state,country_id
1,1297 Via Cola di Rie,989,Roma,NULL,IT
2,93091 Calle della Testa,10934,Venice,NULL,IT
3,2017 Shinjuku-ku,1689,Tokyo,Tokyo Prefecture,JP
4,9450 Kamiya-cho,6823,Hiroshima,NULL,JP
5,2014 Jabberwocky Rd,26192,Southlake,Texas,US
6,2011 Interiors Blvd,99236,South San Francisco,California,US
7,2007 Zagora St,50090,South Brunswick,New Jersey,US
8,2004 Charade Rd,98199,Seattle,Washington,US
9,147 Spadina Ave,M5V 2L7,Toronto,Ontario,CA
10,6092 Boxwood St,YSW 9T2,Whitehorse,Yukon,CA
11,40-5-12 Laogianggen,190518,Beijing,NULL,CN
12,1298 Vileparle (E),490231,Bombay,Maharashtra,IN
13,12-98 Victoria Street,2901,Sydney,New South Wales,AU
14,198 Clementi North,540198,Singapore,NULL,SG
15,8204 Arthur St,NULL,London,NULL,UK
16,"Magdalen Centre, The Oxford Science Park",OX9 9ZB,Oxford,Oxford,UK
17,9702 Chester Road,9629850293,Stretford,Manchester,UK
18,Schwanthalerstr. 7031,80925,Munich,Bavaria,DE
19,Rua Frei Caneca 1360 ,01307-002,Sao Paulo,Sao Paulo,BR
20,20 Rue des Corps-Saints,1730,Geneva,Geneve,CH
21,Murtenstrasse 921,3095,Bern,BE,CH
22,Pieter Breughelstraat 837,3029SK,Utrecht,Utrecht,NL
23,Mariano Escobedo 9991,11932,Mexico City,"Distrito Federal,",MX
